0,0,0,0,0,0,0,0,0,0,0,0,0,0,0,0,0,0,0,0,0,0,0,0,0,0,0,0,0,0,0,0,0,0,0,0,0,0,0,0,0,0,0,0,0,0,0,0,0,0,0,0,0,0,0,0,0,0,0,0,0,0,0,0,0,0,0,0,0,0,0,0,0,0,0,0,0,0,0,0,0,0,0,0,0,0,0,0,0,0,0,0,0,0,0,0,0,0,0,0
0,0.238459,0.175928,0.110575,0.069748,0.0459576,0.0318954,0.0232462,0.0176727,0.0139141,0.0112739,0.0093528,0.00791272,0.00680572,0.00593632,0.00524081,0.00467535,0.004209,0.00381943,0.00349021,0.00320902,0.00296649,0.00275541,0.00257013,0.00240621,0.00226009,0.00212891,0.00201031,0.0019024,0.00180357,0.00171249,0.00162805,0.00154929,0.00147539,0.00140565,0.00133945,0.00127625,0.00121559,0.00115703,0.0011002,0.00104475,0.000990388,0.000936822,0.000883795,0.000831071,0.000778431,0.00072567,0.000672598,0.000619037,0.000564818,0.000509782,0.000453779,0.000396663,0.000338298,0.000278549,0.000217286,0.00015438,8.97046e-05,2.31298e-05,-4.54758e-05,-0.00011625,-0.000189338,-0.000264898,-0.000343105,-0.000424156,-0.000508276,-0.000595727,-0.00068682,-0.000781926,-0.000881493,-0.00098607,-0.00109633,-0.0012131,-0.00133743,-0.00147062,-0.0016143,-0.00177057,-0.00194209,-0.0021323,-0.00234567,-0.00258806,-0.00286725,-0.00319369,-0.00358154,-0.00405039,-0.00462766,-0.00535258,-0.00628248,-0.00750346,-0.00914903,-0.0114349,-0.0147274,-0.0196895,-0.027607,-0.0411345,-0.0658539,-0.112319,-0.191721,-0.267583,0
0,0.269136,0.278884,0.223451,0.167921,0.125514,0.0953113,0.0740389,0.0588907,0.047893,0.0397331,0.0335479,0.0287652,0.0249994,0.0219854,0.0195373,0.0175223,0.0158434,0.0144291,0.0132254,0.0121912,0.0112948,0.0105114,0.00982138,0.00920915,0.00866212,0.00817006,0.00772459,0.00731877,0.00694683,0.00660391,0.00628591,0.00598933,0.00571115,0.00544877,0.00519991,0.00496257,0.00473499,0.0045156,0.00430299,0.00409588,0.00389313,0.00369367,0.00349655,0.00330088,0.00310583,0.00291062,0.00271455,0.00251693,0.00231713,0.00211454,0.00190858,0.0016987,0.00148438,0.00126509,0.00104032,0.000809588,0.00057239,0.000328226,7.65853e-05,-0.000183066,-0.000451289,-0.000728692,-0.00101594,-0.00131377,-0.00162303,-0.0019447,-0.00227993,-0.00263006,-0.00299674,-0.00338195,-0.00378812,-0.00421824,-0.00467603,-0.00516615,-0.00569446,-0.0062684,-0.00689748,-0.00759393,-0.00837364,-0.00925744,-0.0102729,-0.0114568,-0.0128591,-0.0145482,-0.0166193,-0.0192067,-0.0225041,-0.0267958,-0.0325096,-0.0403054,-0.0512305,-0.0669868,-0.0903666,-0.125802,-0.179318,-0.254729,-0.336189,-0.33599,0
0,0.240995,0.303026,0.283766,0.240604,0.197109,0.160385,0.13124,0.108577,0.0909937,0.0772651,0.0664374,0.0577982,0.0508226,0.0451243,0.0404173,0.036488,0.0331752,0.0303561,0.027936,0.0258412,0.0240138,0.0224077,0.0209862,0.0197196,0.0185837,0.0175586,0.016628,0.0157782,0.0149976,0.0142768,0.0136073,0.0129821,0.0123952,0.0118411,0.0113154,0.0108138,0.0103327,0.00986896,0.00941958,0.00898194,0.00855364,0.00813248,0.00771646,0.00730369,0.00689245,0.00648112,0.00606816,0.00565215,0.00523174,0.00480562,0.00437256,0.00393137,0.00348091,0.00302006,0.00254771,0.0020628,0.00156423,0.00105091,0.000521716,-2.45067e-05,-0.000588991,-0.00117306,-0.00177815,-0.00240586,-0.00305802,-0.00373671,-0.00444435,-0.00518383,-0.00595859,-0.00677278,-0.00763147,-0.0085409,-0.0095088,-0.0105448,-0.0116611,-0.012873,-0.0142001,-0.0156677,-0.0173083,-0.0191646,-0.0212928,-0.0237678,-0.0266901,-0.0301963,-0.0344744,-0.0397853,-0.0464966,-0.0551316,-0.0664442,-0.0815283,-0.101969,-0.130013,-0.168632,-0.220995,-0.288047,-0.361194,-0.405526,-0.333297,0
0,0.203999,0.289439,0.301581,0.279513,0.246059,0.212005,0.181514,0.155653,0.134224,0.116616,0.102154,0.0902327,0.0803464,0.07209,0.0651425,0.0592514,0.0542177,0.0498844,0.046127,0.0428461,0.0399618,0.0374098,0.0351374,0.0331019,0.0312677,0.0296055,0.0280908,0.0267029,0.0254245,0.0242406,0.0231385,0.0221072,0.0211372,0.0202201,0.0193486,0.0185163,0.0177172,0.0169462,0.0161986,0.0154702,0.0147571,0.0140556,0.0133625,0.0126748,0.0119896,0.0113041,0.010616,0.00992272,0.0092221,0.00851196,0.00779021,0.00705485,0.00630394,0.00553557,0.00474787,0.00393899,0.00310707,0.00225022,0.00136652,0.000453952,-0.000489596,-0.0014664,-0.00247893,-0.00352993,-0.00462251,-0.0057602,-0.00694711,-0.0081881,-0.00948892,-0.0108565,-0.0122993,-0.0138278,-0.0154545,-0.0171956,-0.019071,-0.021106,-0.0233328,-0.0257924,-0.0285381,-0.0316391,-0.035186,-0.0392986,-0.0441364,-0.049913,-0.0569175,-0.0655422,-0.076323,-0.0899916,-0.107542,-0.130303,-0.159972,-0.198521,-0.247684,-0.30746,-0.372582,-0.425674,-0.42729,-0.309983,0
0,0.171288,0.263035,0.295485,0.292766,0.272827,0.246506,0.219494,0.194388,0.172134,0.152867,0.13637,0.122305,0.110311,0.100059,0.0912599,0.0836723,0.0770943,0.0713596,0.0663318,0.0618986,0.0579677,0.0544627,0.0513205,0.0484883,0.0459221,0.043585,0.0414456,0.0394774,0.0376576,0.0359668,0.034388,0.0329067,0.0315099,0.0301864,0.0289262,0.0277203,0.0265608,0.0254406,0.0243529,0.023292,0.0222523,0.0212287,0.0202167,0.0192118,0.01821,0.0172074,0.0162003,0.0151854,0.0141593,0.0131189,0.0120611,0.010983,0.0098816,0.00875417,0.00759791,0.00641004,0.00518775,0.00392821,0.00262851,0.00128561,-0.000103692,-0.00154283,-0.00303553,-0.00458594,-0.0061987,-0.0078791,-0.00963328,-0.0114684,-0.013393,-0.0154174,-0.0175539,-0.0198176,-0.0222274,-0.0248062,-0.0275833,-0.030595,-0.0338878,-0.0375208,-0.0415699,-0.0461334,-0.0513389,-0.0573534,-0.0643962,-0.0727567,-0.0828166,-0.0950801,-0.110208,-0.129055,-0.152696,-0.18241,-0.219548,-0.265133,-0.318919,-0.377493,-0.430986,-0.458551,-0.424804,-0.283748,0
0,0.144863,0.234753,0.278419,0.290188,0.28293,0.265879,0.244837,0.223108,0.202392,0.183448,0.166515,0.151562,0.138438,0.126944,0.116874,0.108035,0.100253,0.0933773,0.0872771,0.0818416,0.0769767,0.0726025,0.0686513,0.0650658,0.0617971,0.0588034,0.056049,0.0535032,0.0511394,0.0489345,0.0468684,0.0449235,0.0430841,0.0413364,0.0396681,0.0380681,0.0365264,0.0350339,0.0335824,0.0321644,0.0307727,0.0294008,0.0280429,0.026693,0.025346,0.0239968,0.0226405,0.0212726,0.0198886,0.0184845,0.0170559,0.0155991,0.0141099,0.0125847,0.0110196,0.00941065,0.00775415,0.00604612,0.00428253,0.00245917,0.000571579,-0.00138501,-0.00341579,-0.00552648,-0.00772351,-0.0100142,-0.0124069,-0.0149115,-0.0175397,-0.0203053,-0.0232251,-0.0263196,-0.0296139,-0.0331391,-0.036934,-0.0410472,-0.0455401,-0.0504905,-0.055998,-0.06219,-0.0692305,-0.0773315,-0.0867666,-0.0978888,-0.111152,-0.127131,-0.146545,-0.170259,-0.199248,-0.234482,-0.276623,-0.325423,-0.378612,-0.430123,-0.467738,-0.470981,-0.411527,-0.259877,0
0,0.123942,0.208623,0.257539,0.279084,0.282101,0.273841,0.259491,0.242439,0.224739,0.20755,0.191462,0.176726,0.163396,0.151422,0.140705,0.131121,0.122547,0.114863,0.10796,0.101741,0.0961193,0.0910193,0.0863753,0.0821301,0.0782342,0.0746444,0.0713232,0.0682378,0.0653595,0.0626631,0.0601264,0.0577295,0.0554549,0.0532869,0.0512113,0.0492153,0.0472872,0.0454163,0.043593,0.0418081,0.0400532,0.0383205,0.0366026,0.0348927,0.0331841,0.0314707,0.0297464,0.0280056,0.0262427,0.0244525,0.0226297,0.0207692,0.0188661,0.0169154,0.0149122,0.0128516,0.0107285,0.00853778,0.00627427,0.00393239,0.00150632,-0.00101018,-0.00362392,-0.00634238,-0.00917394,-0.0121281,-0.0152158,-0.0184498,-0.021845,-0.0254192,-0.0291941,-0.0331956,-0.0374557,-0.0420136,-0.0469182,-0.0522304,-0.0580267,-0.0644035,-0.0714829,-0.0794198,-0.0884111,-0.0987068,-0.110624,-0.124559,-0.141007,-0.160564,-0.183929,-0.211863,-0.24509,-0.284085,-0.328666,-0.377309,-0.4261,-0.467378,-0.488428,-0.471137,-0.394214,-0.239367,0
0,0.107344,0.185771,0.236377,0.264055,0.274771,0.273984,0.266014,0.253985,0.240009,0.225433,0.211073,0.197386,0.184602,0.17281,0.162014,0.152172,0.143217,0.135073,0.127661,0.120905,0.114733,0.109082,0.103892,0.0991108,0.0946919,0.0905939,0.08678,0.0832174,0.0798771,0.0767332,0.0737625,0.0709443,0.0682599,0.0656922,0.0632259,0.0608469,0.0585423,0.0563003,0.0541098,0.0519606,0.049843,0.0477481,0.0456673,0.0435926,0.0415164,0.0394312,0.03733,0.0352061,0.0330527,0.0308635,0.0286323,0.0263527,0.0240188,0.0216245,0.0191637,0.0166302,0.0140179,0.0113204,0.00853112,0.00564311,0.00264909,-0.000458785,-0.00368903,-0.00705101,-0.0105552,-0.0142135,-0.0180394,-0.0220487,-0.0262599,-0.030695,-0.0353803,-0.0403476,-0.0456357,-0.0512921,-0.0573755,-0.0639589,-0.0711331,-0.0790118,-0.0877373,-0.0974883,-0.108488,-0.121016,-0.135414,-0.152102,-0.171575,-0.194401,-0.221183,-0.252485,-0.288675,-0.329647,-0.374379,-0.420268,-0.462294,-0.492158,-0.497833,-0.464255,-0.375985,-0.221928,0
0,0.094052,0.166222,0.216514,0.247765,0.263971,0.269155,0.266778,0.259551,0.249461,0.237893,0.225772,0.213686,0.201994,0.190895,0.180489,0.170806,0.161839,0.153557,0.145916,0.138865,0.132355,0.126334,0.120755,0.115575,0.110751,0.106247,0.102028,0.0980651,0.0943293,0.0907956,0.0874411,0.084245,0.0811882,0.0782533,0.0754243,0.0726863,0.0700257,0.0674298,0.0648866,0.0623849,0.0599142,0.0574646,0.0550264,0.0525908,0.0501489,0.0476924,0.0452134,0.0427038,0.0401562,0.0375629,0.0349168,0.0322104,0.0294367,0.0265884,0.0236583,0.0206391,0.0175233,0.0143032,0.0109709,0.00751806,0.00393576,0.000214528,-0.00365595,-0.00768702,-0.0118913,-0.0162832,-0.0208789,-0.0256973,-0.0307605,-0.0360947,-0.041731,-0.0477069,-0.0540679,-0.0608694,-0.0681797,-0.0760826,-0.0846821,-0.0941066,-0.104516,-0.116106,-0.129119,-0.143849,-0.16065,-0.179933,-0.202161,-0.227821,-0.257364,-0.291092,-0.328964,-0.370297,-0.413332,-0.454679,-0.488732,-0.507257,-0.499528,-0.453482,-0.358169,-0.206993,0
0,0.0832944,0.149637,0.198553,0.23166,0.251636,0.261411,0.263699,0.260769,0.254397,0.245907,0.236246,0.226071,0.215819,0.205774,0.196106,0.186912,0.178236,0.170091,0.162468,0.155344,0.148691,0.142474,0.13666,0.131215,0.126105,0.121301,0.116771,0.11249,0.108432,0.104573,0.100892,0.0973688,0.0939845,0.0907222,0.0875656,0.0844998,0.0815107,0.078585,0.0757103,0.0728748,0.0700671,0.0672766,0.064493,0.0617063,0.0589071,0.056086,0.0532341,0.0503426,0.0474029,0.0444066,0.0413452,0.0382105,0.0349943,0.0316881,0.0282836,0.0247722,0.0211454,0.017394,0.0135087,0.00947968,0.00529652,0.000947992,-0.00357805,-0.00829497,-0.0132176,-0.0183628,-0.0237496,-0.0294,-0.0353396,-0.0415987,-0.0482132,-0.0552259,-0.0626888,-0.0706646,-0.0792301,-0.0884788,-0.0985255,-0.109511,-0.121606,-0.13502,-0.150003,-0.166851,-0.185907,-0.207552,-0.232181,-0.260164,-0.291756,-0.326964,-0.365339,-0.405677,-0.445645,-0.481362,-0.50706,-0.515014,-0.496021,-0.440654,-0.341256,-0.194034,0
0,0.0745006,0.135596,0.182623,0.216476,0.238943,0.252156,0.258213,0.258975,0.255978,0.250431,0.243251,0.23511,0.226488,0.217719,0.209029,0.200562,0.19241,0.184621,0.17722,0.17021,0.163583,0.157325,0.151416,0.145832,0.140551,0.135547,0.130798,0.126281,0.121974,0.117856,0.113908,0.110111,0.106447,0.102901,0.0994554,0.0960968,0.0928106,0.0895836,0.0864029,0.0832564,0.0801321,0.077019,0.073906,0.0707827,0.0676387,0.064464,0.0612488,0.0579835,0.0546586,0.0512647,0.0477925,0.0442327,0.040576,0.0368129,0.0329341,0.0289296,0.0247896,0.0205039,0.0160615,0.0114512,0.00666108,0.0016781,-0.00351173,-0.00892377,-0.0145751,-0.020485,-0.0266752,-0.0331708,-0.0400009,-0.0471997,-0.0548074,-0.0628721,-0.0714514,-0.0806145,-0.0904455,-0.101046,-0.112538,-0.125072,-0.138826,-0.154011,-0.170877,-0.189709,-0.210821,-0.234538,-0.261164,-0.290919,-0.323843,-0.359646,-0.397501,-0.435779,-0.471745,-0.501289,-0.518786,-0.51726,-0.489019,-0.426817,-0.325369,-0.182624,0
0,0.0672487,0.123701,0.168645,0.202538,0.226577,0.242308,0.251347,0.255197,0.255161,0.252313,0.247505,0.241391,0.234465,0.227087,0.219517,0.211938,0.204473,0.197204,0.190182,0.183436,0.176978,0.17081,0.164926,0.159314,0.153962,0.148852,0.143968,0.139292,0.134806,0.130493,0.126336,0.122318,0.118423,0.114636,0.110943,0.107328,0.103778,0.100279,0.0968202,0.0933876,0.0899697,0.0865546,0.0831312,0.0796882,0.0762149,0.0727005,0.0691345,0.0655066,0.0618065,0.0580239,0.0541487,0.0501705,0.0460791,0.0418641,0.0375148,0.0330203,0.0283695,0.0235508,0.0185521,0.0133605,0.00796251,0.00234351,-0.00351234,-0.00962242,-0.016006,-0.0226846,-0.0296828,-0.0370285,-0.0447542,-0.0528974,-0.0615027,-0.0706226,-0.0803196,-0.0906684,-0.101759,-0.113698,-0.126614,-0.140659,-0.156014,-0.172888,-0.191516,-0.212158,-0.235084,-0.260546,-0.288734,-0.319707,-0.353283,-0.388893,-0.425386,-0.460813,-0.492205,-0.515427,-0.525195,-0.51538,-0.479669,-0.412564,-0.310471,-0.172433,0
0,0.0612233,0.113604,0.156448,0.189951,0.21491,0.232449,0.243807,0.250193,0.252697,0.252254,0.249636,0.24546,0.24021,0.234255,0.227874,0.221273,0.214601,0.207965,0.201439,0.195071,0.188892,0.182919,0.17716,0.171615,0.166279,0.161144,0.1562,0.151434,0.146833,0.142384,0.138072,0.133883,0.129803,0.125818,0.121915,0.118079,0.114298,0.110559,0.106849,0.103157,0.0994685,0.0957734,0.0920595,0.0883154,0.0845297,0.0806912,0.0767888,0.0728115,0.0687482,0.064588,0.0603198,0.0559325,0.0514148,0.0467554,0.0419426,0.0369643,0.0318083,0.0264617,0.0209111,0.0151421,0.0091398,0.00288785,-0.00363134,-0.0104371,-0.0175506,-0.024996,-0.0328,-0.0409933,-0.0496115,-0.0586953,-0.0682929,-0.0784605,-0.0892647,-0.100784,-0.113113,-0.126361,-0.140658,-0.156157,-0.173033,-0.191482,-0.211721,-0.23397,-0.258441,-0.285299,-0.31461,-0.346265,-0.379872,-0.414613,-0.449082,-0.481114,-0.507644,-0.524662,-0.527343,-0.510405,-0.468741,-0.398226,-0.296474,-0.163214,0
0,0.0561846,0.105011,0.145836,0.178698,0.204122,0.222928,0.236068,0.244509,0.249155,0.250813,0.250169,0.247791,0.24414,0.239582,0.234402,0.228819,0.222999,0.217067,0.211114,0.205205,0.199388,0.193692,0.188137,0.182733,0.177486,0.172395,0.167455,0.16266,0.158,0.153467,0.149049,0.144735,0.140512,0.136369,0.132292,0.12827,0.124289,0.120339,0.116406,0.112478,0.108543,0.10459,0.100605,0.0965791,0.0924985,0.0883523,0.0841287,0.0798161,0.0754029,0.0708775,0.0662279,0.0614423,0.0565086,0.0514143,0.046147,0.0406935,0.0350404,0.0291736,0.0230784,0.0167392,0.0101395,0.00326138,-0.00391438,-0.0114089,-0.0192455,-0.02745,-0.0360519,-0.0450841,-0.0545848,-0.0645977,-0.0751736,-0.0863719,-0.0982621,-0.110925,-0.124457,-0.138969,-0.154589,-0.171464,-0.189758,-0.20965,-0.231323,-0.254954,-0.280684,-0.308582,-0.338586,-0.370424,-0.403513,-0.436829,-0.468778,-0.497073,-0.518664,-0.52977,-0.526074,-0.503095,-0.45675,-0.383984,-0.283272,-0.154778,0
0,0.0519473,0.0976796,0.136614,0.168699,0.194276,0.213944,0.228435,0.238523,0.244956,0.248422,0.249525,0.248782,0.246622,0.243396,0.239388,0.234823,0.229875,0.224683,0.21935,0.213954,0.208556,0.203196,0.197905,0.192703,0.187603,0.18261,0.177728,0.172954,0.168285,0.163713,0.159233,0.154833,0.150505,0.146238,0.142022,0.137844,0.133693,0.129558,0.125427,0.121288,0.11713,0.112939,0.108704,0.104414,0.100056,0.0956184,0.091089,0.0864557,0.0817064,0.0768287,0.0718101,0.066638,0.0612995,0.0557813,0.05007,0.0441514,0.0380111,0.0316338,0.0250037,0.0181039,0.0109164,0.00342203,-0.00440018,-0.012573,-0.0211214,-0.0300734,-0.0394601,-0.049317,-0.059684,-0.0706074,-0.0821402,-0.0943437,-0.107289,-0.121058,-0.135747,-0.151464,-0.168331,-0.186488,-0.20608,-0.227262,-0.250179,-0.274952,-0.301647,-0.330233,-0.360521,-0.392091,-0.424193,-0.455641,-0.484719,-0.509098,-0.525825,-0.531414,-0.522061,-0.494016,-0.44405,-0.369935,-0.270766,-0.146983,0
0,0.048366,0.0914057,0.1286,0.159848,0.185366,0.205594,0.221096,0.232491,0.2404,0.245405,0.248036,0.248755,0.247958,0.245977,0.243087,0.239511,0.235429,0.230986,0.226294,0.221443,0.216499,0.211517,0.206533,0.201577,0.196668,0.191818,0.187037,0.182326,0.177686,0.173115,0.168608,0.164158,0.159758,0.1554,0.151073,0.146767,0.142473,0.138179,0.133874,0.129546,0.125183,0.120775,0.116309,0.111772,0.107154,0.102441,0.0976204,0.0926808,0.0876091,0.0823923,0.0770174,0.0714711,0.0657397,0.0598092,0.0536653,0.0472929,0.0406766,0.0338001,0.0266464,0.0191975,0.0114342,0.00333575,-0.00512004,-0.0139575,-0.0232033,-0.0328869,-0.0430413,-0.0537036,-0.0649156,-0.076725,-0.0891863,-0.102362,-0.116323,-0.131151,-0.146938,-0.163789,-0.181817,-0.201147,-0.221903,-0.244209,-0.268165,-0.293833,-0.3212,-0.350135,-0.380332,-0.411234,-0.441957,-0.4712,-0.497178,-0.517588,-0.529633,-0.53015,-0.515838,-0.483589,-0.430883,-0.35613,-0.258872,-0.139721,0
0,0.0453252,0.0860209,0.121631,0.152028,0.177347,0.19791,0.214155,0.22658,0.235698,0.242003,0.245956,0.247968,0.248401,0.247564,0.245719,0.243085,0.239842,0.236137,0.232089,0.227794,0.223326,0.218745,0.214098,0.209418,0.204733,0.20006,0.195412,0.190798,0.186221,0.181682,0.177179,0.172709,0.168266,0.163842,0.159431,0.155022,0.150608,0.146177,0.141718,0.137221,0.132675,0.128068,0.123387,0.118621,0.113757,0.108784,0.103687,0.0984551,0.0930744,0.0875316,0.0818131,0.075905,0.0697929,0.0634621,0.0568976,0.0500834,0.0430032,0.0356398,0.0279753,0.0199903,0.0116647,0.00297648,-0.00609778,-0.0155837,-0.0255094,-0.0359056,-0.0468067,-0.0582511,-0.0702818,-0.0829473,-0.0963026,-0.11041,-0.125339,-0.141169,-0.157988,-0.175892,-0.194982,-0.215364,-0.237139,-0.260392,-0.285178,-0.311493,-0.339246,-0.368211,-0.397974,-0.427864,-0.456893,-0.483684,-0.506437,-0.52292,-0.530533,-0.526447,-0.507829,-0.472134,-0.417418,-0.34259,-0.247514,-0.132906,0
0,0.0427318,0.0813845,0.11556,0.145123,0.170153,0.190887,0.207666,0.220893,0.230994,0.238388,0.243475,0.246619,0.248149,0.248351,0.247471,0.245721,0.243276,0.240284,0.236868,0.233126,0.229139,0.224972,0.220678,0.216296,0.211857,0.207385,0.202897,0.198405,0.193916,0.189435,0.184961,0.180495,0.176032,0.171567,0.167093,0.162604,0.158089,0.153541,0.148948,0.144301,0.139587,0.134797,0.129918,0.124937,0.119844,0.114624,0.109265,0.103754,0.0980769,0.0922207,0.0861711,0.0799134,0.0734328,0.0667141,0.0597412,0.0524977,0.0449664,0.0371293,0.0289675,0.0204607,0.0115878,0.00232575,-0.00734994,-0.017466,-0.0280515,-0.0391384,-0.050762,-0.0629614,-0.0757802,-0.089267,-0.103476,-0.118469,-0.134313,-0.151081,-0.168856,-0.187722,-0.207766,-0.229071,-0.25171,-0.275729,-0.30113,-0.327848,-0.355715,-0.384415,-0.41344,-0.442029,-0.469117,-0.493291,-0.512773,-0.525442,-0.528916,-0.520694,-0.498373,-0.459892,-0.40378,-0.329327,-0.236634,-0.126474,0
0,0.0405101,0.0773787,0.110261,0.139023,0.163708,0.184491,0.201642,0.215487,0.22638,0.23468,0.240733,0.244862,0.247362,0.248497,0.248498,0.247564,0.245868,0.243555,0.240747,0.237546,0.234036,0.230286,0.226352,0.222278,0.218099,0.213845,0.209535,0.205184,0.200803,0.1964,0.191976,0.187534,0.183071,0.178584,0.174067,0.169514,0.164918,0.160269,0.155559,0.150777,0.145912,0.140954,0.135891,0.13071,0.1254,0.119947,0.114338,0.108561,0.1026,0.0964428,0.0900741,0.083479,0.0766421,0.0695476,0.062179,0.054519,0.0465499,0.0382528,0.0296081,0.0205947,0.0111907,0.00137217,-0.00888627,-0.0196121,-0.0308353,-0.0425884,-0.0549072,-0.0678311,-0.0814035,-0.0956725,-0.110691,-0.126517,-0.143215,-0.160851,-0.179498,-0.199228,-0.22011,-0.242203,-0.265546,-0.290145,-0.315951,-0.342836,-0.370559,-0.398727,-0.426752,-0.453801,-0.478765,-0.500223,-0.516454,-0.525473,-0.525123,-0.513221,-0.487747,-0.447055,-0.390057,-0.316344,-0.226181,-0.120375,0
0,0.0385982,0.0739046,0.105622,0.133626,0.157934,0.178678,0.196073,0.210386,0.221914,0.230962,0.237832,0.24281,0.246162,0.248128,0.248925,0.24874,0.247739,0.246063,0.243834,0.241153,0.238107,0.234767,0.231192,0.227431,0.223521,0.219493,0.215373,0.211177,0.206919,0.202609,0.198251,0.193849,0.189402,0.184909,0.180365,0.175764,0.171101,0.166368,0.161554,0.156652,0.15165,0.146537,0.141303,0.135934,0.13042,0.124746,0.1189,0.112867,0.106635,0.100188,0.0935124,0.0865917,0.0794106,0.0719527,0.0642009,0.0561375,0.0477442,0.0390014,0.0298889,0.0203851,0.0104672,0.000110753,-0.0107102,-0.0220239,-0.0338604,-0.0462528,-0.0592369,-0.0728517,-0.0871397,-0.102148,-0.117926,-0.134529,-0.152014,-0.170441,-0.189871,-0.21036,-0.231958,-0.254697,-0.278582,-0.303577,-0.329582,-0.356409,-0.383751,-0.411149,-0.437949,-0.46327,-0.485981,-0.504682,-0.517733,-0.523299,-0.519451,-0.504302,-0.476174,-0.433772,-0.376321,-0.30364,-0.216118,-0.11457,0
0,0.0369447,0.0708787,0.101548,0.128838,0.152754,0.173396,0.190936,0.205596,0.217625,0.227286,0.234843,0.240549,0.244642,0.247344,0.248854,0.249349,0.248986,0.247902,0.246217,0.244031,0.241431,0.23849,0.235268,0.231817,0.228177,0.224381,0.220457,0.216425,0.212301,0.208095,0.203815,0.199465,0.195048,0.190561,0.186003,0.181368,0.176652,0.171845,0.166942,0.161931,0.156804,0.151549,0.146156,0.140611,0.134904,0.12902,0.122948,0.116672,0.110179,0.103454,0.0964824,0.0892478,0.0817343,0.0739252,0.065803,0.0573495,0.0485459,0.0393723,0.0298078,0.0198304,0.00941683,-0.00145774,-0.0128197,-0.0246974,-0.0371212,-0.0501239,-0.0637407,-0.0780098,-0.0929722,-0.108672,-0.125156,-0.142474,-0.160676,-0.179812,-0.19993,-0.22107,-0.243258,-0.266498,-0.290763,-0.315972,-0.341976,-0.368535,-0.395282,-0.4217,-0.447089,-0.470539,-0.490916,-0.506867,-0.516846,-0.51918,-0.51216,-0.494172,-0.463841,-0.420166,-0.362624,-0.291215,-0.206412,-0.109028,0
0,0.0355072,0.0682307,0.0979549,0.124578,0.148096,0.168589,0.186197,0.201104,0.213524,0.223684,0.231813,0.238138,0.242874,0.246222,0.248367,0.249474,0.249693,0.249155,0.247976,0.246255,0.244079,0.24152,0.23864,0.235493,0.23212,0.228557,0.224833,0.22097,0.216985,0.212891,0.208698,0.20441,0.200032,0.195563,0.191001,0.186343,0.181584,0.176716,0.171733,0.166626,0.161384,0.155997,0.150455,0.144746,0.138856,0.132774,0.126485,0.119977,0.113234,0.106242,0.0989853,0.0914482,0.0836142,0.0754662,0.0669864,0.0581564,0.0489569,0.0393678,0.0293677,0.0189344,0.00804428,-0.00332753,-0.0152076,-0.0276241,-0.0406071,-0.0541888,-0.0684035,-0.0832876,-0.09888,-0.115221,-0.132354,-0.150321,-0.169164,-0.188923,-0.20963,-0.231307,-0.253956,-0.277554,-0.302037,-0.327284,-0.353101,-0.379196,-0.405155,-0.430415,-0.454244,-0.475719,-0.493725,-0.506969,-0.514014,-0.513349,-0.503477,-0.483033,-0.450903,-0.406335,-0.349013,-0.27907,-0.197041,-0.103724,0
0,0.0342499,0.0659006,0.0947699,0.120769,0.143893,0.164203,0.181817,0.196893,0.209611,0.22017,0.228773,0.235622,0.24091,0.244822,0.247527,0.249182,0.249928,0.249889,0.249177,0.24789,0.246112,0.243916,0.241365,0.238511,0.2354,0.232066,0.228541,0.224848,0.221006,0.21703,0.212929,0.208711,0.20438,0.199936,0.19538,0.190707,0.185914,0.180995,0.175942,0.170747,0.1654,0.159892,0.154211,0.148346,0.142284,0.136012,0.129518,0.122787,0.115805,0.108556,0.101026,0.0931977,0.0850551,0.0765806,0.0677564,0.0585637,0.0489832,0.0389942,0.0285757,0.017705,0.00635856,-0.00548841,-0.0178622,-0.0307907,-0.0443031,-0.0584306,-0.0732058,-0.0886631,-0.104838,-0.121767,-0.139488,-0.158034,-0.17744,-0.197731,-0.218925,-0.241023,-0.264005,-0.287817,-0.31236,-0.337476,-0.36293,-0.388385,-0.413387,-0.43734,-0.459493,-0.478926,-0.494559,-0.505171,-0.509441,-0.506019,-0.493605,-0.471059,-0.437493,-0.392365,-0.335522,-0.267205,-0.187984,-0.0986399,0
0,0.0331431,0.0638375,0.0919307,0.117347,0.140082,0.160186,0.177759,0.192936,0.205875,0.21675,0.225741,0.233028,0.238788,0.243188,0.246386,0.248528,0.249746,0.25016,0.249877,0.24899,0.247584,0.245731,0.243491,0.240919,0.23806,0.23495,0.23162,0.228097,0.224399,0.220542,0.216538,0.212394,0.208115,0.203704,0.199159,0.19448,0.189661,0.184698,0.179583,0.174309,0.168866,0.163245,0.157434,0.151422,0.145197,0.138746,0.132056,0.125112,0.1179,0.110406,0.102612,0.0945045,0.0860651,0.0772768,0.0681215,0.0585805,0.0486341,0.0382619,0.0274427,0.016154,0.00437249,-0.00792634,-0.0207682,-0.0341802,-0.0481904,-0.0628284,-0.0781247,-0.0941106,-0.110818,-0.128279,-0.146522,-0.165576,-0.185462,-0.206193,-0.22777,-0.250173,-0.273358,-0.297242,-0.321694,-0.346521,-0.371449,-0.396106,-0.420005,-0.442531,-0.462923,-0.48028,-0.493569,-0.501648,-0.503317,-0.497379,-0.482721,-0.458399,-0.423724,-0.378327,-0.322186,-0.255621,-0.179226,-0.0937602,0
0,0.0321616,0.0619982,0.0893832,0.114254,0.136607,0.156488,0.173982,0.189207,0.202302,0.213421,0.222724,0.230375,0.236534,0.241355,0.244983,0.247554,0.249194,0.250016,0.250123,0.249605,0.248543,0.247009,0.245063,0.242758,0.24014,0.237246,0.234107,0.23075,0.227195,0.223458,0.219552,0.215485,0.211263,0.206888,0.202362,0.197681,0.192843,0.187843,0.182674,0.177328,0.171796,0.16607,0.160137,0.153987,0.147608,0.140986,0.134109,0.126962,0.119531,0.1118,0.103755,0.095379,0.086655,0.0775657,0.0680931,0.0582184,0.0479221,0.0371839,0.0259827,0.0142964,0.00210213,-0.010624,-0.0239069,-0.0377722,-0.0522468,-0.0673579,-0.0831334,-0.0996012,-0.116788,-0.134721,-0.153421,-0.172907,-0.193188,-0.214265,-0.236119,-0.258711,-0.281971,-0.305791,-0.330009,-0.354398,-0.378653,-0.402373,-0.425048,-0.446051,-0.464627,-0.479903,-0.4909,-0.496565,-0.495816,-0.487603,-0.470983,-0.445187,-0.409695,-0.364282,-0.309032,-0.244322,-0.170758,-0.0890729,0
0,0.0312841,0.0603456,0.0870805,0.111439,0.133419,0.153064,0.170448,0.185676,0.198872,0.210173,0.219725,0.227674,0.234167,0.239346,0.243346,0.246295,0.248309,0.249497,0.249956,0.249774,0.249029,0.247791,0.24612,0.244067,0.241677,0.238989,0.236035,0.232839,0.229424,0.225806,0.221999,0.21801,0.213847,0.209512,0.205007,0.20033,0.195478,0.190447,0.185229,0.179818,0.174205,0.168381,0.162334,0.156054,0.149528,0.142744,0.135689,0.128348,0.120708,0.112752,0.104466,0.0958336,0.0868374,0.0774605,0.0676848,0.0574918,0.0468622,0.0357759,0.0242123,0.0121498,-0.000433683,-0.0135612,-0.0272564,-0.0415435,-0.0564471,-0.071992,-0.0882028,-0.105103,-0.122715,-0.141057,-0.160145,-0.179985,-0.200576,-0.221902,-0.243928,-0.266594,-0.289807,-0.313432,-0.337279,-0.361094,-0.384545,-0.407208,-0.428561,-0.447972,-0.464703,-0.477917,-0.486697,-0.49008,-0.487101,-0.476849,-0.458533,-0.431539,-0.395493,-0.350285,-0.296084,-0.233309,-0.162568,-0.0845684,0
0,0.0304927,0.058848,0.0849822,0.108856,0.130473,0.149871,0.167121,0.182315,0.195565,0.206996,0.216739,0.224928,0.231699,0.237181,0.241501,0.244777,0.247121,0.248634,0.24941,0.249532,0.249078,0.248113,0.246696,0.244878,0.242705,0.240212,0.237433,0.234393,0.231114,0.227613,0.223902,0.219993,0.21589,0.211597,0.207117,0.202447,0.197585,0.192527,0.187267,0.181797,0.176109,0.170193,0.164039,0.157636,0.150972,0.144035,0.136811,0.129286,0.121446,0.113275,0.10476,0.0958825,0.086627,0.0769761,0.0669122,0.0564168,0.0454712,0.0340557,0.0221503,0.00973425,-0.00321372,-0.0167153,-0.0307927,-0.045468,-0.0607635,-0.076701,-0.0933011,-0.110583,-0.128562,-0.147251,-0.166654,-0.18677,-0.207583,-0.229063,-0.251156,-0.273784,-0.29683,-0.320135,-0.343486,-0.366604,-0.389136,-0.410644,-0.430596,-0.44837,-0.46325,-0.474442,-0.481097,-0.482342,-0.477324,-0.465261,-0.445499,-0.417561,-0.381192,-0.336383,-0.283366,-0.222587,-0.154652,-0.0802388,0
0,0.029772,0.0574785,0.0830531,0.106467,0.127728,0.146873,0.163967,0.179096,0.192362,0.203876,0.213761,0.22214,0.229136,0.234871,0.239463,0.243022,0.245654,0.247455,0.248513,0.248911,0.24872,0.248004,0.246822,0.245224,0.243252,0.240944,0.238331,0.23544,0.232291,0.228903,0.225288,0.221455,0.217413,0.213164,0.20871,0.20405,0.199182,0.194102,0.188804,0.18328,0.177522,0.171521,0.165267,0.158749,0.151955,0.144872,0.137488,0.129788,0.121758,0.113384,0.10465,0.095541,0.0860394,0.0761289,0.0657922,0.0550113,0.0437679,0.0320431,0.0198175,0.00707162,-0.00621472,-0.0200617,-0.0344894,-0.0495179,-0.0651664,-0.0814532,-0.0983945,-0.116004,-0.134292,-0.153261,-0.172908,-0.19322,-0.214168,-0.235706,-0.257764,-0.280244,-0.30301,-0.32588,-0.34862,-0.370932,-0.392447,-0.412717,-0.431214,-0.447326,-0.460369,-0.469599,-0.474234,-0.473491,-0.466624,-0.452969,-0.431996,-0.403344,-0.366862,-0.322619,-0.270896,-0.212159,-0.147003,-0.0760776,0
0,0.0291091,0.0562138,0.0812631,0.104238,0.125149,0.144035,0.160957,0.175994,0.18924,0.2008,0.210784,0.219307,0.226483,0.232427,0.237247,0.241048,0.24393,0.245983,0.247292,0.247935,0.247982,0.247494,0.246527,0.245131,0.243346,0.241211,0.238755,0.236004,0.23298,0.2297,0.226177,0.22242,0.218437,0.214232,0.209806,0.205159,0.200288,0.195189,0.189856,0.184283,0.178462,0.172382,0.166034,0.159408,0.152491,0.145271,0.137736,0.12987,0.121662,0.113095,0.104155,0.0948257,0.0850919,0.0749367,0.0643434,0.0532945,0.0417724,0.0297591,0.0172363,0.00418556,-0.00941166,-0.0235737,-0.0383185,-0.0536634,-0.0696243,-0.0862154,-0.103448,-0.121331,-0.139866,-0.159049,-0.178866,-0.199293,-0.220289,-0.241792,-0.263716,-0.285945,-0.308323,-0.330652,-0.352678,-0.374088,-0.394504,-0.413475,-0.430479,-0.444925,-0.456165,-0.463505,-0.466236,-0.463661,-0.455132,-0.440096,-0.418128,-0.388973,-0.352563,-0.30903,-0.258694,-0.202029,-0.139617,-0.0720794,0
0,0.0284928,0.055034,0.0795859,0.102138,0.122706,0.141328,0.158062,0.172984,0.186182,0.197752,0.207797,0.216425,0.223741,0.229853,0.234862,0.238868,0.241964,0.244237,0.245767,0.246628,0.246888,0.246606,0.245835,0.244624,0.243013,0.241038,0.238728,0.23611,0.233204,0.230027,0.226592,0.222909,0.218985,0.214823,0.210425,0.205792,0.20092,0.195805,0.190442,0.184825,0.178944,0.172791,0.166356,0.159629,0.152597,0.145248,0.13757,0.129549,0.121172,0.112423,0.103289,0.0937542,0.0838026,0.0734184,0.0625854,0.051287,0.0395064,0.0272266,0.0144305,0.00110119,-0.0127781,-0.0272235,-0.0422506,-0.0578734,-0.0741043,-0.0909532,-0.108426,-0.126525,-0.145246,-0.164575,-0.184489,-0.204951,-0.225909,-0.247286,-0.26898,-0.29086,-0.312752,-0.334442,-0.355663,-0.376091,-0.395342,-0.412968,-0.428461,-0.441255,-0.450739,-0.456277,-0.457227,-0.452976,-0.442969,-0.42675,-0.40399,-0.374522,-0.338348,-0.29565,-0.246775,-0.1922,-0.13249,-0.0682394,0
0,0.0279137,0.0539222,0.0779991,0.100142,0.12037,0.138723,0.155257,0.170045,0.183168,0.194719,0.204792,0.213489,0.22091,0.227153,0.232317,0.236493,0.239771,0.242233,0.243956,0.24501,0.245459,0.245362,0.244769,0.243727,0.242275,0.240448,0.238275,0.235781,0.232985,0.229906,0.226555,0.222942,0.219075,0.214955,0.210586,0.205968,0.201096,0.195968,0.190579,0.184921,0.178986,0.172765,0.166249,0.159427,0.152288,0.144819,0.137007,0.128841,0.120306,0.111388,0.102072,0.0923451,0.0821907,0.0715939,0.0605391,0.0490105,0.0369925,0.0244693,0.0114251,-0.00215516,-0.0162863,-0.030982,-0.0462549,-0.0621158,-0.078573,-0.0956315,-0.113292,-0.13155,-0.150393,-0.1698,-0.189737,-0.210157,-0.230992,-0.252155,-0.27353,-0.294968,-0.316284,-0.337248,-0.357585,-0.376964,-0.395001,-0.411255,-0.425235,-0.436406,-0.444197,-0.448028,-0.447326,-0.441555,-0.430248,-0.413033,-0.389669,-0.360058,-0.324265,-0.282508,-0.235153,-0.182674,-0.125619,-0.0645534,0
0,0.0273637,0.0528636,0.0764832,0.0982269,0.118118,0.136197,0.15252,0.167156,0.180183,0.191687,0.20176,0.210495,0.217988,0.224331,0.229617,0.233933,0.237363,0.239986,0.241876,0.243098,0.243715,0.243783,0.24335,0.242461,0.241155,0.239463,0.237416,0.235037,0.232345,0.229358,0.226086,0.22254,0.218726,0.214649,0.210308,0.205704,0.200835,0.195697,0.190283,0.184588,0.178604,0.172321,0.16573,0.158821,0.151581,0.144,0.136065,0.127764,0.119082,0.110006,0.100523,0.0906179,0.0802765,0.0694841,0.0582262,0.0464879,0.0342546,0.0215121,0.00824627,-0.00555613,-0.0199075,-0.0348191,-0.0503001,-0.0663578,-0.0829962,-0.100215,-0.11801,-0.136368,-0.155271,-0.174688,-0.194576,-0.214875,-0.235508,-0.256374,-0.277343,-0.298255,-0.318913,-0.339077,-0.358464,-0.376741,-0.393529,-0.408398,-0.420879,-0.430468,-0.43664,-0.438868,-0.436646,-0.429511,-0.417073,-0.39904,-0.375242,-0.345644,-0.310357,-0.269631,-0.22384,-0.173455,-0.119002,-0.0610177,0
0,0.026836,0.0518457,0.0750216,0.0963737,0.115929,0.133729,0.149831,0.164299,0.17721,0.188645,0.198691,0.207438,0.214973,0.221387,0.226766,0.231194,0.23475,0.237509,0.23954,0.240909,0.241674,0.241887,0.241597,0.240846,0.239671,0.238104,0.236172,0.233899,0.231304,0.228402,0.225205,0.221722,0.21796,0.213922,0.209609,0.205021,0.200155,0.195008,0.189574,0.183846,0.177816,0.171476,0.164816,0.157826,0.150495,0.142811,0.134762,0.126335,0.117518,0.108298,0.0986606,0.0885929,0.078081,0.067111,0.0556695,0.0437426,0.0313174,0.0183808,0.00492091,-0.00907355,-0.0236125,-0.0387041,-0.0543543,-0.0705664,-0.0873397,-0.104669,-0.122543,-0.140944,-0.159844,-0.179203,-0.19897,-0.219075,-0.239429,-0.259918,-0.280404,-0.300714,-0.320641,-0.33994,-0.358323,-0.37546,-0.390978,-0.404464,-0.415473,-0.423535,-0.42817,-0.428905,-0.425295,-0.416947,-0.403542,-0.384855,-0.360779,-0.331332,-0.296662,-0.257041,-0.212848,-0.164544,-0.112634,-0.0576289,0
0,0.0263247,0.0508581,0.0735999,0.0945656,0.113785,0.131302,0.147172,0.161459,0.174236,0.185582,0.195579,0.204312,0.211865,0.218324,0.22377,0.228284,0.231941,0.234812,0.236964,0.238458,0.23935,0.239692,0.239529,0.238901,0.237845,0.23639,0.234564,0.232388,0.229881,0.227059,0.223931,0.220508,0.216794,0.212794,0.208508,0.203936,0.199075,0.19392,0.188468,0.18271,0.17664,0.170248,0.163526,0.156462,0.149047,0.141268,0.133115,0.124575,0.115635,0.106283,0.0965059,0.0862913,0.075626,0.0644973,0.0528925,0.0407994,0.0282063,0.0151021,0.00147669,-0.0126787,-0.0273712,-0.042606,-0.0583854,-0.0747084,-0.0915698,-0.108959,-0.126858,-0.145243,-0.164077,-0.183314,-0.202891,-0.22273,-0.242731,-0.262771,-0.282701,-0.30234,-0.321475,-0.339855,-0.357194,-0.373165,-0.387406,-0.399524,-0.4091,-0.415699,-0.418886,-0.41824,-0.413376,-0.403963,-0.389744,-0.370556,-0.346346,-0.317172,-0.283214,-0.244758,-0.202185,-0.155942,-0.106513,-0.0543834,0
0,0.0258249,0.0498914,0.0722058,0.0927881,0.111671,0.1289,0.144529,0.158622,0.17125,0.182488,0.192415,0.201112,0.208661,0.215141,0.220632,0.225209,0.228944,0.231906,0.234157,0.235757,0.23676,0.237213,0.237161,0.236643,0.235693,0.234339,0.232609,0.230522,0.228097,0.225348,0.222285,0.218917,0.215249,0.211284,0.207024,0.202468,0.197612,0.192453,0.186984,0.181201,0.175095,0.168656,0.161877,0.154748,0.147256,0.139393,0.131145,0.122502,0.113452,0.103982,0.0940803,0.0837352,0.0729344,0.0616664,0.0499196,0.0376833,0.0249475,0.0117029,-0.00205825,-0.0163423,-0.0311536,-0.0464938,-0.0623615,-0.0787515,-0.0956534,-0.113051,-0.130921,-0.149232,-0.16794,-0.18699,-0.206312,-0.225817,-0.245397,-0.264921,-0.284231,-0.30314,-0.32143,-0.33885,-0.355114,-0.369905,-0.382875,-0.393652,-0.401843,-0.407051,-0.408885,-0.406974,-0.400987,-0.39065,-0.375763,-0.356216,-0.331999,-0.303207,-0.270042,-0.2328,-0.191858,-0.147649,-0.100635,-0.051278,0
0,0.0253324,0.0489382,0.0708291,0.091029,0.109573,0.126508,0.141888,0.155776,0.168241,0.179355,0.189194,0.197837,0.20536,0.211841,0.217355,0.221975,0.225768,0.2288,0.231133,0.232821,0.233917,0.234466,0.234512,0.23409,0.233233,0.231971,0.230326,0.22832,0.225969,0.223287,0.220284,0.216967,0.213342,0.209412,0.205177,0.200635,0.195786,0.190623,0.185142,0.179336,0.173198,0.166719,0.15989,0.152701,0.145142,0.137203,0.128872,0.120138,0.11099,0.101416,0.0914058,0.0809472,0.0700296,0.0586424,0.0467757,0.0344202,0.0215677,0.00821093,-0.00565551,-0.0200353,-0.0349296,-0.0503367,-0.0662513,-0.0826637,-0.0995587,-0.116915,-0.134702,-0.152882,-0.171404,-0.190206,-0.209209,-0.228318,-0.247415,-0.266362,-0.284995,-0.303123,-0.320526,-0.336954,-0.352126,-0.365736,-0.377452,-0.386922,-0.393787,-0.397683,-0.398262,-0.395201,-0.388219,-0.377093,-0.361675,-0.341898,-0.31779,-0.289476,-0.257172,-0.221181,-0.181872,-0.139664,-0.0949981,-0.0483094,0
0,0.0248436,0.0479918,0.0694609,0.0892781,0.107481,0.124117,0.13924,0.152912,0.1652,0.176175,0.185911,0.194481,0.201961,0.208425,0.213943,0.218586,0.222419,0.225505,0.227901,0.229661,0.230834,0.231466,0.231595,0.231257,0.230484,0.229302,0.227735,0.225801,0.223518,0.220897,0.217948,0.214679,0.211094,0.207195,0.202984,0.198458,0.193616,0.188452,0.18296,0.177136,0.170971,0.164456,0.157583,0.150343,0.142725,0.13472,0.126316,0.117504,0.108271,0.0986086,0.0885052,0.0779508,0.0669356,0.0554503,0.0434864,0.0310364,0.0180938,0.00465385,-0.0092866,-0.0237283,-0.0386694,-0.0541045,-0.0700243,-0.0864146,-0.103255,-0.120519,-0.138171,-0.156165,-0.174445,-0.192941,-0.211567,-0.23022,-0.248777,-0.267094,-0.285002,-0.302308,-0.318791,-0.334205,-0.348278,-0.360716,-0.371203,-0.379414,-0.385016,-0.387684,-0.387109,-0.383012,-0.375159,-0.363373,-0.347549,-0.327661,-0.303766,-0.276012,-0.244626,-0.209913,-0.172232,-0.131987,-0.089597,-0.0454743,0
0,0.0243556,0.0470469,0.0680938,0.0875266,0.105384,0.121715,0.136573,0.15002,0.162121,0.172944,0.182561,0.191044,0.198465,0.204893,0.210399,0.215049,0.218905,0.222028,0.224472,0.226289,0.227526,0.228226,0.228426,0.228161,0.22746,0.226349,0.224851,0.222982,0.22076,0.218195,0.215296,0.212071,0.208523,0.204655,0.200466,0.195956,0.191121,0.185957,0.180459,0.17462,0.168432,0.161888,0.154978,0.147694,0.140027,0.131965,0.1235,0.114621,0.105318,0.0955817,0.0854021,0.07477,0.063677,0.0521151,0.0400775,0.0275582,0.0145531,0.00105943,-0.0129232,-0.0273928,-0.042344,-0.0577679,-0.0736512,-0.0899752,-0.106715,-0.123838,-0.141303,-0.159058,-0.177042,-0.195176,-0.213371,-0.231515,-0.249482,-0.267122,-0.284264,-0.300715,-0.316256,-0.330646,-0.343623,-0.354906,-0.3642,-0.371204,-0.375614,-0.377141,-0.375512,-0.370492,-0.361887,-0.349563,-0.333451,-0.313558,-0.289968,-0.262844,-0.232423,-0.199004,-0.16294,-0.124615,-0.0844282,-0.0427694,0
0,0.023866,0.046099,0.0667219,0.0857673,0.103276,0.119296,0.133882,0.147094,0.158997,0.169657,0.179143,0.187524,0.19487,0.20125,0.206728,0.211369,0.215234,0.218378,0.220856,0.222717,0.224004,0.22476,0.22502,0.224817,0.224179,0.223131,0.221693,0.219882,0.217714,0.215199,0.212347,0.209162,0.205648,0.201809,0.197643,0.193148,0.188322,0.183161,0.177658,0.171808,0.165602,0.159034,0.152095,0.144776,0.137067,0.12896,0.120445,0.111513,0.102154,0.0923591,0.0821203,0.0714293,0.0602789,0.0486625,0.036575,0.0240124,0.0109726,-0.00254481,-0.0165375,-0.0310004,-0.0459251,-0.0612988,-0.0771043,-0.0933183,-0.109911,-0.126845,-0.144074,-0.161541,-0.179177,-0.1969,-0.214613,-0.232201,-0.249534,-0.266458,-0.282802,-0.298374,-0.312958,-0.326322,-0.338215,-0.348371,-0.356515,-0.36237,-0.365664,-0.366138,-0.363557,-0.357722,-0.348479,-0.335729,-0.319437,-0.299636,-0.276432,-0.249998,-0.220576,-0.188463,-0.153996,-0.117545,-0.079487,-0.0401912,0
0,0.0233729,0.0451444,0.0653402,0.0839944,0.101149,0.116852,0.131159,0.144129,0.155824,0.166309,0.175652,0.18392,0.19118,0.197496,0.202933,0.207553,0.211412,0.214565,0.217064,0.218955,0.220282,0.221082,0.221392,0.221241,0.220656,0.219662,0.218277,0.216518,0.214399,0.21193,0.209119,0.205971,0.20249,0.198677,0.194533,0.190054,0.185239,0.180082,0.174578,0.168721,0.162503,0.155917,0.148956,0.141609,0.133869,0.125727,0.117174,0.108202,0.0988013,0.0889646,0.0786843,0.0679535,0.0567664,0.0451181,0.0330051,0.0204254,0.00737906,-0.00613179,-0.0201022,-0.0345241,-0.0493856,-0.0646706,-0.0803575,-0.0964191,-0.112821,-0.129521,-0.146467,-0.163598,-0.180839,-0.198104,-0.215291,-0.232282,-0.248942,-0.265119,-0.280641,-0.295317,-0.308941,-0.321286,-0.332114,-0.341177,-0.34822,-0.352991,-0.355245,-0.354756,-0.351321,-0.344778,-0.335004,-0.321934,-0.30556,-0.285938,-0.263188,-0.237495,-0.2091,-0.178293,-0.145401,-0.110773,-0.0747688,-0.0377361,0
0,0.0228746,0.0441803,0.0639448,0.0822034,0.0989989,0.11438,0.128401,0.14112,0.152598,0.1629,0.17209,0.180233,0.187394,0.193636,0.19902,0.203605,0.207447,0.210597,0.213105,0.215016,0.216371,0.217206,0.217555,0.217447,0.216908,0.21596,0.214621,0.212908,0.210832,0.208404,0.205631,0.202517,0.199067,0.19528,0.191157,0.186695,0.181892,0.176742,0.17124,0.16538,0.159156,0.152559,0.145582,0.138217,0.130456,0.12229,0.113711,0.104712,0.095285,0.0854226,0.0751186,0.0643676,0.053165,0.0415077,0.0293938,0.0168235,0.00379891,-0.00967518,-0.0235911,-0.0379379,-0.0527002,-0.0678584,-0.0833872,-0.0992551,-0.115424,-0.131846,-0.148465,-0.165216,-0.182019,-0.198784,-0.215406,-0.231764,-0.247722,-0.263127,-0.277809,-0.291584,-0.304248,-0.315589,-0.32538,-0.333391,-0.339388,-0.343141,-0.344435,-0.343072,-0.338881,-0.33173,-0.321527,-0.308234,-0.291867,-0.272499,-0.250265,-0.225353,-0.198004,-0.168499,-0.137151,-0.104295,-0.0702683,-0.0354007,0
0,0.0223699,0.0432044,0.0625325,0.0803907,0.0968218,0.111875,0.125603,0.138065,0.149319,0.159428,0.168456,0.176464,0.183516,0.189673,0.194993,0.199533,0.203346,0.206483,0.20899,0.210911,0.212283,0.213144,0.213524,0.213451,0.21295,0.212041,0.210743,0.209069,0.207032,0.204641,0.201902,0.198821,0.195399,0.191637,0.187536,0.183091,0.178301,0.173161,0.167665,0.161807,0.155582,0.14898,0.141996,0.134622,0.126849,0.118671,0.110079,0.101067,0.0916288,0.0817575,0.0714481,0.0606966,0.0495,0.0378566,0.0257666,0.0132321,0.000257672,-0.0131496,-0.0269792,-0.0412171,-0.055845,-0.0708395,-0.0861719,-0.101807,-0.117701,-0.133805,-0.150057,-0.166387,-0.182714,-0.198942,-0.214965,-0.230661,-0.245892,-0.260508,-0.274342,-0.287214,-0.298931,-0.309288,-0.318077,-0.325081,-0.33009,-0.332896,-0.33331,-0.33116,-0.326307,-0.318643,-0.308105,-0.294678,-0.278398,-0.259352,-0.237684,-0.213586,-0.187294,-0.15908,-0.129245,-0.0981054,-0.0659803,-0.0331813,0
0,0.0218579,0.0422151,0.0611013,0.0785536,0.094615,0.109334,0.122764,0.134961,0.145984,0.155893,0.16475,0.172615,0.17955,0.185612,0.190858,0.195343,0.199119,0.202232,0.204729,0.206649,0.208032,0.208909,0.209312,0.209267,0.208796,0.207921,0.206657,0.205018,0.203016,0.200658,0.197951,0.1949,0.191505,0.187768,0.183689,0.179263,0.174489,0.169361,0.163875,0.158024,0.151803,0.145204,0.138221,0.130846,0.123073,0.114893,0.106302,0.0972914,0.0878571,0.0779937,0.0676974,0.0569654,0.0457961,0.0341898,0.0221485,0.00967626,-0.00322002,-0.0165307,-0.0302427,-0.0443389,-0.0587981,-0.0735935,-0.0886928,-0.104057,-0.11964,-0.135387,-0.151234,-0.167108,-0.182924,-0.198584,-0.21398,-0.22899,-0.243478,-0.257294,-0.270277,-0.282253,-0.293039,-0.302442,-0.310266,-0.316315,-0.320396,-0.322326,-0.321939,-0.31909,-0.313663,-0.305577,-0.294792,-0.281312,-0.265189,-0.246525,-0.225466,-0.202205,-0.176974,-0.150037,-0.121678,-0.0921983,-0.061899,-0.0310742,0
0,0.021338,0.0412111,0.0596495,0.0766904,0.0923768,0.106757,0.119882,0.131809,0.142594,0.152296,0.160975,0.168689,0.175497,0.181456,0.186621,0.191043,0.194772,0.197854,0.200331,0.202244,0.203628,0.204515,0.204934,0.204909,0.204464,0.203616,0.202382,0.200774,0.198802,0.196475,0.193797,0.190774,0.187406,0.183694,0.179636,0.175231,0.170475,0.165363,0.159891,0.154053,0.147843,0.141254,0.134279,0.126914,0.11915,0.110981,0.102402,0.0934082,0.0839939,0.0741557,0.063891,0.0531984,0.042078,0.0305318,0.0185636,0.00617977,-0.00661076,-0.0197958,-0.0333597,-0.0472825,-0.06154,-0.0761023,-0.0909339,-0.105993,-0.121229,-0.136585,-0.151993,-0.167379,-0.182653,-0.197719,-0.212467,-0.226773,-0.240506,-0.253519,-0.265655,-0.276749,-0.286626,-0.295107,-0.302011,-0.307158,-0.310375,-0.311501,-0.310392,-0.306926,-0.30101,-0.292586,-0.281634,-0.268175,-0.252273,-0.234039,-0.213624,-0.191218,-0.167048,-0.141366,-0.114445,-0.0865675,-0.0580186,-0.0290756,0
0,0.0208099,0.0401919,0.0581764,0.0748003,0.0901063,0.104142,0.116958,0.128608,0.139149,0.148638,0.157132,0.164689,0.171364,0.177213,0.182288,0.186639,0.190314,0.193357,0.195808,0.197706,0.199085,0.199974,0.200403,0.200393,0.199967,0.199142,0.197933,0.196352,0.194407,0.192108,0.189458,0.186462,0.18312,0.179432,0.175399,0.171016,0.16628,0.161189,0.155735,0.149915,0.143722,0.13715,0.130194,0.122847,0.115103,0.106958,0.0984054,0.0894417,0.0800631,0.0702672,0.0600527,0.0494195,0.0383694,0.0269061,0.0150352,0.00276531,-0.00989252,-0.0229237,-0.0363101,-0.050029,-0.0640534,-0.0783507,-0.0928822,-0.107603,-0.12246,-0.137394,-0.152334,-0.167203,-0.181912,-0.196362,-0.210444,-0.224037,-0.237009,-0.24922,-0.26052,-0.27075,-0.279747,-0.287344,-0.293375,-0.297676,-0.300093,-0.300486,-0.298731,-0.294727,-0.288404,-0.279721,-0.268675,-0.255301,-0.239676,-0.221915,-0.20217,-0.180631,-0.157516,-0.133066,-0.10754,-0.0812061,-0.0543329,-0.0271818,0
0,0.0202733,0.0391571,0.0566814,0.0728829,0.0878033,0.101489,0.11399,0.12536,0.135652,0.144922,0.153225,0.160618,0.167154,0.172887,0.177866,0.182139,0.185754,0.188751,0.191169,0.193046,0.194413,0.1953,0.195732,0.195733,0.195322,0.194515,0.193327,0.191769,0.18985,0.187576,0.184953,0.181982,0.178667,0.175005,0.170996,0.166638,0.161927,0.156859,0.151429,0.145632,0.139463,0.132917,0.125987,0.118669,0.110957,0.102847,0.0943339,0.0854152,0.0760883,0.0663519,0.0562059,0.0456519,0.0346932,0.0233351,0.0115853,-0.000545851,-0.0130449,-0.0258951,-0.0390758,-0.0525619,-0.0663237,-0.080326,-0.0945275,-0.108881,-0.12333,-0.137814,-0.15226,-0.16659,-0.180713,-0.194531,-0.207936,-0.220808,-0.233021,-0.244439,-0.254918,-0.264308,-0.272457,-0.279211,-0.284417,-0.28793,-0.289613,-0.289342,-0.287015,-0.28255,-0.275894,-0.267023,-0.25595,-0.242722,-0.227421,-0.210167,-0.191114,-0.170446,-0.148374,-0.125129,-0.100956,-0.0761069,-0.0508357,-0.0253887,0
0,0.0197283,0.0381069,0.055165,0.0709385,0.0854685,0.0988001,0.110982,0.122066,0.132104,0.14115,0.149259,0.156482,0.162874,0.168484,0.173361,0.177552,0.1811,0.184045,0.186426,0.188276,0.189626,0.190505,0.190937,0.190943,0.190542,0.18975,0.188581,0.187043,0.185147,0.182897,0.180299,0.177355,0.174065,0.170431,0.166449,0.162118,0.157434,0.152394,0.146993,0.141226,0.135089,0.128576,0.121682,0.114402,0.106733,0.0986704,0.0902106,0.0813517,0.0720923,0.0624324,0.0523732,0.0419178,0.031071,0.01984,0.0082342,-0.00373405,-0.0160493,-0.0286926,-0.041641,-0.0548671,-0.0683389,-0.0820186,-0.0958628,-0.109822,-0.123838,-0.137848,-0.151779,-0.16555,-0.179072,-0.192247,-0.204968,-0.21712,-0.22858,-0.239217,-0.248894,-0.257473,-0.26481,-0.270765,-0.275199,-0.277982,-0.278993,-0.278128,-0.275299,-0.270445,-0.263526,-0.254534,-0.243494,-0.230461,-0.215525,-0.198808,-0.180461,-0.160665,-0.139622,-0.117551,-0.0946849,-0.071262,-0.0475205,-0.0236928,0
0,0.0191752,0.0370416,0.0536277,0.0689682,0.083103,0.0960761,0.107935,0.118729,0.128509,0.137327,0.145236,0.152286,0.158528,0.164012,0.168783,0.172885,0.176362,0.179251,0.181588,0.183406,0.184735,0.185602,0.186029,0.186037,0.185643,0.184863,0.183709,0.18219,0.180315,0.178089,0.175516,0.172598,0.169335,0.165729,0.161777,0.157476,0.152824,0.147816,0.14245,0.136719,0.13062,0.124149,0.1173,0.110069,0.102454,0.0944513,0.0860581,0.0772734,0.0680972,0.0585305,0.048576,0.0382382,0.0275235,0.0164407,0.005001,-0.00678138,-0.018889,-0.0313009,-0.0439921,-0.056933,-0.0700894,-0.0834216,-0.0968841,-0.110425,-0.123987,-0.137503,-0.1509,-0.164099,-0.177009,-0.189535,-0.201571,-0.213007,-0.223723,-0.233596,-0.242498,-0.250296,-0.256861,-0.262062,-0.265776,-0.267887,-0.26829,-0.266896,-0.263634,-0.258457,-0.25134,-0.242287,-0.231333,-0.218541,-0.204004,-0.187845,-0.170214,-0.151285,-0.131252,-0.110324,-0.0887193,-0.0666637,-0.0443809,-0.02209,0
0,0.0186143,0.035962,0.0520705,0.0669732,0.0807086,0.0933193,0.104851,0.115351,0.12487,0.133457,0.141162,0.148035,0.154124,0.159476,0.164137,0.168147,0.171548,0.174376,0.176666,0.178449,0.179753,0.180603,0.181022,0.181028,0.180639,0.179869,0.178728,0.177226,0.175371,0.173168,0.17062,0.167728,0.164495,0.160919,0.156998,0.152731,0.148115,0.143145,0.137819,0.132131,0.126078,0.119657,0.112862,0.105691,0.0981418,0.0902109,0.0818976,0.0732016,0.0641239,0.054667,0.0448347,0.0346329,0.0240697,0.0131554,0.00190288,-0.00967182,-0.0215495,-0.0337071,-0.0461179,-0.0587505,-0.0715686,-0.0845309,-0.0975903,-0.110694,-0.123782,-0.136788,-0.149639,-0.162254,-0.174546,-0.186421,-0.197776,-0.208504,-0.218492,-0.227623,-0.235775,-0.242828,-0.248661,-0.253157,-0.256203,-0.2577,-0.257555,-0.255696,-0.252065,-0.246627,-0.239371,-0.230312,-0.219491,-0.206978,-0.192868,-0.177285,-0.160374,-0.142305,-0.12326,-0.10344,-0.0830503,-0.0623035,-0.0414102,-0.0205765,0
0,0.0180462,0.0348691,0.0504949,0.0649554,0.0782876,0.0905324,0.101734,0.111938,0.121192,0.129544,0.137043,0.143735,0.149668,0.154885,0.159431,0.163346,0.166668,0.169432,0.171671,0.173415,0.17469,0.175521,0.175929,0.175931,0.175545,0.174781,0.173653,0.172168,0.170332,0.168151,0.165629,0.162765,0.159562,0.156019,0.152134,0.147904,0.143328,0.138401,0.13312,0.127483,0.121484,0.115121,0.10839,0.101289,0.0938165,0.08597,0.0777498,0.0691567,0.0601927,0.0508614,0.0411682,0.0311203,0.0207271,0.0100006,-0.00104479,-0.0123913,-0.0240181,-0.0359004,-0.0480098,-0.0603131,-0.0727726,-0.0853454,-0.0979832,-0.110632,-0.123231,-0.135715,-0.14801,-0.160036,-0.171708,-0.182934,-0.193615,-0.203649,-0.212927,-0.22134,-0.228774,-0.235118,-0.240262,-0.2441,-0.246532,-0.24747,-0.246838,-0.244573,-0.240632,-0.234991,-0.227651,-0.218634,-0.207987,-0.195786,-0.182126,-0.16713,-0.15094,-0.133717,-0.115638,-0.0968899,-0.0776687,-0.0581732,-0.0386018,-0.0191485,0
0,0.0174714,0.0337641,0.0489025,0.0629169,0.0758425,0.0877185,0.0985868,0.108492,0.117479,0.125594,0.132883,0.139392,0.145166,0.150246,0.154675,0.158491,0.161731,0.164427,0.166613,0.168315,0.169559,0.170369,0.170763,0.17076,0.170373,0.169616,0.168499,0.167029,0.165213,0.163056,0.160559,0.157726,0.154555,0.151047,0.1472,0.143012,0.138481,0.133603,0.128375,0.122794,0.116857,0.110561,0.103904,0.0968833,0.0894983,0.0817484,0.0736342,0.0651577,0.056322,0.047132,0.0375941,0.027717,0.0175115,0.00699092,-0.0038286,-0.0149279,-0.0262846,-0.0378724,-0.0496613,-0.0616168,-0.0736998,-0.0858663,-0.0980671,-0.110248,-0.122347,-0.134299,-0.146032,-0.157467,-0.168521,-0.179105,-0.189123,-0.198478,-0.207069,-0.214791,-0.22154,-0.227214,-0.231713,-0.23494,-0.23681,-0.237245,-0.236181,-0.233567,-0.229372,-0.223582,-0.216206,-0.207273,-0.196837,-0.184975,-0.171783,-0.157382,-0.141908,-0.125518,-0.108377,-0.0906651,-0.072565,-0.0542642,-0.0359491,-0.0178023,0
0,0.0168907,0.0326483,0.0472953,0.0608602,0.0733764,0.084881,0.0954141,0.105018,0.113736,0.121611,0.12869,0.135013,0.140625,0.145566,0.149876,0.153591,0.156746,0.159373,0.161502,0.163161,0.164372,0.165158,0.165537,0.165526,0.165139,0.164387,0.163281,0.161827,0.160031,0.157897,0.155428,0.152626,0.149491,0.146021,0.142216,0.138074,0.133593,0.128769,0.1236,0.118083,0.112216,0.105996,0.0994218,0.0924919,0.0852059,0.0775645,0.0695691,0.0612226,0.0525294,0.0434953,0.0341283,0.0244381,0.0144368,0.00413928,-0.00643712,-0.0172718,-0.028341,-0.039617,-0.0510686,-0.0626601,-0.0743514,-0.0860977,-0.0978491,-0.109551,-0.121142,-0.132558,-0.143727,-0.154573,-0.165014,-0.174964,-0.184334,-0.193031,-0.200958,-0.208019,-0.214119,-0.219162,-0.223059,-0.225724,-0.227083,-0.227067,-0.225624,-0.222715,-0.218317,-0.212426,-0.205058,-0.196248,-0.186053,-0.174551,-0.161841,-0.148037,-0.133274,-0.117698,-0.101469,-0.0847552,-0.0677295,-0.0505679,-0.0334454,-0.0165341,0
0,0.016305,0.0315233,0.0456755,0.0587882,0.0708926,0.0820239,0.0922199,0.101521,0.109968,0.117603,0.124468,0.130605,0.136054,0.140854,0.145042,0.148654,0.151723,0.154279,0.15635,0.157962,0.159139,0.1599,0.160263,0.160244,0.159855,0.159109,0.158013,0.156574,0.154799,0.152691,0.150252,0.147483,0.144385,0.140958,0.137199,0.133108,0.128681,0.123918,0.118814,0.113369,0.107579,0.101444,0.0949623,0.0881331,0.0809572,0.0734357,0.0655713,0.0573678,0.0488306,0.0399667,0.0307851,0.0212969,0.0115153,0.00145648,-0.00886098,-0.0194152,-0.0301812,-0.0411303,-0.05223,-0.0634437,-0.0747307,-0.0860456,-0.0973384,-0.108554,-0.119633,-0.13051,-0.141116,-0.151377,-0.161214,-0.170545,-0.179285,-0.187344,-0.194635,-0.201067,-0.206552,-0.211005,-0.214344,-0.216494,-0.21739,-0.216974,-0.215204,-0.212049,-0.207496,-0.201547,-0.194225,-0.185571,-0.175643,-0.16452,-0.152299,-0.139093,-0.12503,-0.110249,-0.0949034,-0.07915,-0.0631523,-0.0470755,-0.0310843,-0.0153402,0
0,0.0157151,0.0303907,0.0440455,0.0567038,0.0683947,0.0791511,0.0890089,0.0980058,0.106181,0.113574,0.120226,0.126174,0.131459,0.136116,0.140182,0.143689,0.14667,0.149154,0.151166,0.152731,0.153872,0.154607,0.154953,0.154925,0.154535,0.153793,0.152708,0.151286,0.149533,0.147452,0.145044,0.142312,0.139255,0.135873,0.132165,0.128129,0.123763,0.119066,0.114034,0.108668,0.102964,0.0969223,0.0905421,0.0838237,0.0767682,0.069378,0.0616563,0.0536082,0.0452398,0.0365595,0.027577,0.0183048,0.00875721,-0.00104862,-0.0110928,-0.0213526,-0.0318017,-0.0424106,-0.0531461,-0.0639708,-0.0748435,-0.0857186,-0.0965461,-0.107272,-0.117836,-0.128176,-0.138224,-0.147908,-0.157153,-0.16588,-0.174009,-0.181456,-0.188139,-0.193974,-0.198882,-0.202784,-0.205609,-0.207289,-0.207769,-0.207001,-0.204951,-0.201596,-0.196931,-0.190964,-0.183724,-0.175253,-0.165613,-0.154883,-0.143157,-0.130545,-0.117169,-0.103163,-0.0886696,-0.0738386,-0.0588232,-0.0437786,-0.0288592,-0.0142172,0
0,0.015122,0.0292525,0.0424079,0.0546103,0.0658865,0.0762672,0.0857859,0.0944782,0.102381,0.109532,0.115969,0.121728,0.126848,0.131362,0.135304,0.138706,0.141598,0.144008,0.14596,0.147478,0.148582,0.14929,0.149619,0.149581,0.14919,0.148454,0.14738,0.145977,0.144247,0.142194,0.139821,0.137127,0.134115,0.130782,0.127129,0.123153,0.118854,0.114229,0.109277,0.103996,0.098386,0.0924462,0.0861768,0.0795788,0.0726541,0.0654059,0.0578383,0.0499572,0.0417698,0.0332854,0.0245149,0.0154715,0.00617083,-0.00336908,-0.0131274,-0.0230802,-0.0332007,-0.0434584,-0.0538195,-0.0642463,-0.0746972,-0.0851268,-0.0954854,-0.105719,-0.11577,-0.125577,-0.135074,-0.144192,-0.152859,-0.161001,-0.168541,-0.175402,-0.181507,-0.186779,-0.191146,-0.194538,-0.19689,-0.198145,-0.198255,-0.19718,-0.194893,-0.191381,-0.186642,-0.180693,-0.173564,-0.1653,-0.155966,-0.145638,-0.134409,-0.122385,-0.109682,-0.0964275,-0.0827567,-0.0688102,-0.0547323,-0.0406684,-0.0267639,-0.0131614,0
0,0.0145267,0.0281105,0.0407653,0.0525109,0.0633719,0.0733765,0.082556,0.0909435,0.0985737,0.105482,0.111704,0.117274,0.122228,0.126598,0.130416,0.133713,0.136516,0.138851,0.140742,0.142212,0.143279,0.14396,0.144272,0.144225,0.143833,0.143103,0.142042,0.140658,0.138953,0.136932,0.134595,0.131944,0.128979,0.1257,0.122106,0.118196,0.113969,0.109422,0.104556,0.0993684,0.09386,0.0880305,0.0818808,0.0754125,0.0686285,0.0615324,0.0541296,0.0464266,0.0384315,0.0301546,0.0216076,0.0128048,0.00376264,-0.00549994,-0.0149612,-0.0245967,-0.0343786,-0.0442761,-0.0542549,-0.0642772,-0.0743013,-0.0842822,-0.0941707,-0.103914,-0.113456,-0.122737,-0.131692,-0.140257,-0.148363,-0.15594,-0.162915,-0.169216,-0.174774,-0.179518,-0.183381,-0.186302,-0.188223,-0.189095,-0.188876,-0.187536,-0.185055,-0.181423,-0.176647,-0.170746,-0.163754,-0.155718,-0.146703,-0.136784,-0.126051,-0.114605,-0.102559,-0.0900328,-0.0771535,-0.0640539,-0.0508693,-0.0377366,-0.0247919,-0.0121694,0
0,0.0139303,0.0269666,0.0391204,0.0504092,0.0608551,0.0704839,0.0793243,0.0874073,0.0947651,0.101431,0.107438,0.112819,0.117607,0.121833,0.125528,0.128718,0.131431,0.133692,0.135523,0.136944,0.137974,0.138629,0.138923,0.138868,0.138475,0.137752,0.136706,0.135343,0.133665,0.131677,0.12938,0.126775,0.123862,0.12064,0.117111,0.113271,0.109121,0.104659,0.0998853,0.0947986,0.0893994,0.0836883,0.0776668,0.0713373,0.0647033,0.0577692,0.0505411,0.0430264,0.0352342,0.0271752,0.0188624,0.0103106,0.00153723,-0.00743808,-0.0165929,-0.0259021,-0.0353375,-0.0448679,-0.0544586,-0.064072,-0.0736668,-0.0831981,-0.092618,-0.101875,-0.110914,-0.119677,-0.128104,-0.136131,-0.143694,-0.150727,-0.157162,-0.162933,-0.167975,-0.172224,-0.17562,-0.178107,-0.179637,-0.180166,-0.17966,-0.178095,-0.175455,-0.17174,-0.166958,-0.161132,-0.154299,-0.146508,-0.137822,-0.128315,-0.118074,-0.107197,-0.0957903,-0.0839672,-0.0718484,-0.0595584,-0.0472244,-0.0349748,-0.0229373,-0.011238,0
0,0.0133338,0.0258228,0.0374762,0.0483088,0.0583403,0.0675939,0.0760961,0.0838754,0.0909615,0.0973855,0.103178,0.108371,0.112994,0.117076,0.120646,0.12373,0.126354,0.12854,0.13031,0.131683,0.132676,0.133305,0.133583,0.133521,0.133128,0.132414,0.131384,0.130043,0.128395,0.126443,0.124188,0.121632,0.118774,0.115615,0.112154,0.108391,0.104324,0.0999532,0.0952782,0.0902991,0.0850164,0.0794315,0.0735465,0.0673643,0.0608891,0.0541262,0.0470822,0.0397653,0.0321853,0.0243539,0.0162846,0.00799315,-0.000502574,-0.00918219,-0.0180228,-0.0269987,-0.0360814,-0.0452395,-0.0544386,-0.0636409,-0.0728057,-0.0818891,-0.0908439,-0.09962,-0.108164,-0.116422,-0.124333,-0.13184,-0.138881,-0.145393,-0.151314,-0.156583,-0.161141,-0.164928,-0.167893,-0.169984,-0.171161,-0.171385,-0.170629,-0.168875,-0.166112,-0.162344,-0.157584,-0.151858,-0.145203,-0.137669,-0.129319,-0.120225,-0.110472,-0.100151,-0.089364,-0.0782192,-0.0668297,-0.0553127,-0.0437875,-0.0323747,-0.021194,-0.0103638,0
0,0.0127384,0.0246814,0.0358355,0.0462133,0.0558317,0.0647116,0.0728768,0.0803535,0.087169,0.0933521,0.0989314,0.103936,0.108394,0.112333,0.115779,0.118758,0.121292,0.123404,0.125114,0.126439,0.127396,0.128,0.128261,0.128193,0.127802,0.127098,0.126085,0.124769,0.123153,0.12124,0.119031,0.116527,0.113729,0.110637,0.10725,0.103567,0.0995891,0.0953152,0.0907457,0.0858809,0.080722,0.0752708,0.06953,0.0635032,0.0571951,0.0506118,0.0437604,0.03665,0.0292909,0.0216956,0.0138781,0.00585486,-0.00235568,-0.0107326,-0.0192527,-0.0278899,-0.0366156,-0.0453985,-0.054204,-0.0629951,-0.0717317,-0.0803706,-0.088866,-0.0971694,-0.10523,-0.112994,-0.120407,-0.127411,-0.13395,-0.139966,-0.1454,-0.150197,-0.154301,-0.15766,-0.160228,-0.161959,-0.162818,-0.162774,-0.161804,-0.159894,-0.157039,-0.153247,-0.148534,-0.142927,-0.136465,-0.1292,-0.12119,-0.112508,-0.103233,-0.0934548,-0.0832686,-0.0727767,-0.0620857,-0.0513058,-0.040549,-0.0299283,-0.0195562,-0.00954385,0
0,0.0121451,0.0235442,0.0342013,0.0441263,0.0533336,0.0618417,0.0696718,0.0768474,0.0833939,0.0893373,0.0947044,0.0995218,0.103816,0.107612,0.110936,0.113809,0.116255,0.118294,0.119943,0.121221,0.122143,0.122721,0.122969,0.122894,0.122507,0.121814,0.120821,0.119532,0.117951,0.11608,0.11392,0.111472,0.108738,0.105716,0.102407,0.0988107,0.0949269,0.0907558,0.0862978,0.0815539,0.0765256,0.0712153,0.065626,0.0597622,0.0536289,0.0472329,0.040582,0.0336858,0.0265553,0.0192034,0.0116449,0.0038966,-0.00402258,-0.0120914,-0.0202863,-0.0285811,-0.0369472,-0.0453533,-0.0537655,-0.0621471,-0.0704588,-0.0786586,-0.0867022,-0.0945427,-0.102131,-0.109417,-0.116348,-0.12287,-0.12893,-0.134473,-0.139448,-0.1438,-0.147482,-0.150446,-0.15265,-0.154056,-0.154631,-0.154352,-0.153199,-0.151165,-0.148247,-0.144456,-0.139811,-0.134341,-0.128086,-0.121095,-0.113428,-0.105154,-0.0963491,-0.0870982,-0.0774923,-0.0676276,-0.0576046,-0.0475267,-0.0374992,-0.027628,-0.0180185,-0.00877509,0
0,0.0115552,0.0224135,0.0325765,0.0420515,0.0508505,0.0589891,0.0664863,0.0733631,0.0796423,0.0853478,0.090504,0.0951356,0.0992669,0.102922,0.106123,0.108892,0.11125,0.113216,0.114806,0.116038,0.116925,0.11748,0.117713,0.117635,0.117253,0.116573,0.115602,0.114342,0.112798,0.110971,0.108864,0.106476,0.103809,0.100862,0.0976361,0.094131,0.0903469,0.0862842,0.0819437,0.0773268,0.0724356,0.0672727,0.0618419,0.0561479,0.0501966,0.043995,0.0375516,0.0308765,0.0239812,0.0168792,0.00958562,0.00211769,-0.00550529,-0.0132619,-0.0211283,-0.0290785,-0.037084,-0.0451138,-0.0531344,-0.0611099,-0.0690019,-0.0767699,-0.0843708,-0.0917597,-0.0988899,-0.105713,-0.11218,-0.11824,-0.123844,-0.128941,-0.133482,-0.137419,-0.140709,-0.143309,-0.145181,-0.146294,-0.146618,-0.146135,-0.144831,-0.142699,-0.139744,-0.135976,-0.131418,-0.126099,-0.12006,-0.113349,-0.106025,-0.0981539,-0.0898084,-0.0810694,-0.072023,-0.0627599,-0.0533748,-0.0439649,-0.0346288,-0.025466,-0.0165753,-0.00805462,0
0,0.0109696,0.0212913,0.0309641,0.0399927,0.0483865,0.0561588,0.0633258,0.0699062,0.0759203,0.0813898,0.086337,0.0907843,0.0947542,0.0982686,0.101349,0.104015,0.106286,0.108179,0.109712,0.110898,0.111751,0.112283,0.112505,0.112423,0.112048,0.111383,0.110435,0.109208,0.107703,0.105924,0.103872,0.101547,0.0989514,0.0960841,0.0929458,0.0895367,0.0858573,0.0819083,0.077691,0.0732071,0.0684589,0.0634497,0.0581837,0.0526659,0.0469029,0.040902,0.0346723,0.0282243,0.02157,0.0147231,0.00769931,0.000516046,-0.00680718,-0.0142488,-0.021785,-0.02939,-0.0370353,-0.0446906,-0.0523229,-0.0598973,-0.0673765,-0.0747211,-0.08189,-0.0888399,-0.0955266,-0.101904,-0.107926,-0.113546,-0.118716,-0.123391,-0.127526,-0.131077,-0.134004,-0.13627,-0.137842,-0.138691,-0.138795,-0.138137,-0.136708,-0.134505,-0.131534,-0.12781,-0.123355,-0.118199,-0.112384,-0.105957,-0.0989734,-0.0914978,-0.0836,-0.0753564,-0.0668483,-0.0581615,-0.0493849,-0.0406098,-0.0319288,-0.0234351,-0.0152215,-0.0073797,0
0,0.0103896,0.0201797,0.0293669,0.0379534,0.0459461,0.0533555,0.0601956,0.0664824,0.072234,0.0774699,0.0822099,0.0864748,0.0902848,0.0936602,0.0966205,0.0991843,0.101369,0.103192,0.104667,0.105809,0.10663,0.10714,0.10735,0.107268,0.1069,0.106253,0.105331,0.104137,0.102675,0.100947,0.0989529,0.0966952,0.0941742,0.0913902,0.0883437,0.0850352,0.0814653,0.0776352,0.0735463,0.0692008,0.0646013,0.0597515,0.0546559,0.0493202,0.0437511,0.0379565,0.0319459,0.0257301,0.0193214,0.0127341,0.00598378,-0.000911729,-0.00793287,-0.0150581,-0.0222637,-0.029524,-0.0368111,-0.0440952,-0.0513441,-0.0585237,-0.0655981,-0.0725293,-0.0792778,-0.0858026,-0.0920614,-0.0980112,-0.103608,-0.108809,-0.113569,-0.117847,-0.121602,-0.124794,-0.127387,-0.129348,-0.130648,-0.131263,-0.131174,-0.130369,-0.12884,-0.126589,-0.123623,-0.119959,-0.11562,-0.110638,-0.105051,-0.0989083,-0.0922625,-0.0851748,-0.0777122,-0.069947,-0.0619562,-0.0538206,-0.0456237,-0.0374513,-0.0293904,-0.0215282,-0.013952,-0.00674767,0
0,0.00981607,0.0190806,0.0277878,0.0359373,0.0435333,0.050584,0.0571008,0.0630973,0.0685894,0.0735941,0.0781294,0.0822137,0.0858656,0.0891035,0.0919453,0.0944081,0.0965082,0.0982608,0.0996799,0.100778,0.101568,0.102058,0.102258,0.102176,0.101819,0.10119,0.100296,0.0991386,0.0977214,0.096046,0.0941141,0.0919265,0.089484,0.0867871,0.0838366,0.080633,0.0771772,0.0734707,0.0695151,0.0653129,0.0608672,0.056182,0.0512621,0.0461135,0.0407433,0.0351598,0.0293728,0.0233934,0.0172343,0.0109097,0.0044356,-0.00217018,-0.00888807,-0.0156966,-0.0225723,-0.02949,-0.0364221,-0.0433395,-0.050211,-0.0570035,-0.0636824,-0.0702112,-0.0765522,-0.0826664,-0.0885138,-0.094054,-0.0992459,-0.104049,-0.108423,-0.112329,-0.115729,-0.118589,-0.120875,-0.122559,-0.123615,-0.124023,-0.123767,-0.122838,-0.121233,-0.118954,-0.116011,-0.112422,-0.10821,-0.103409,-0.0980552,-0.0921958,-0.0858827,-0.0791739,-0.0721332,-0.0648292,-0.0573345,-0.0497253,-0.0420801,-0.0344794,-0.027005,-0.0197386,-0.012762,-0.00615603,0
0,0.00925025,0.0179962,0.0262297,0.0339478,0.0411523,0.047849,0.0540466,0.0597565,0.0649923,0.0697687,0.0741016,0.0780076,0.0815032,0.0846053,0.0873301,0.0896932,0.0917097,0.0933935,0.0947576,0.0958139,0.0965729,0.0970443,0.0972363,0.097156,0.0968096,0.0962019,0.0953372,0.0942187,0.0928488,0.0912294,0.089362,0.0872476,0.0848871,0.082281,0.0794302,0.0763355,0.0729981,0.0694194,0.0656016,0.0615474,0.0572601,0.052744,0.0480043,0.0430473,0.0378803,0.0325121,0.0269524,0.0212128,0.015306,0.00924645,0.00305024,-0.00326489,-0.00967947,-0.0161722,-0.0227201,-0.0292981,-0.0358796,-0.042436,-0.0489372,-0.0553513,-0.0616449,-0.0677833,-0.0737303,-0.0794492,-0.0849023,-0.0900514,-0.0948585,-0.0992858,-0.103296,-0.106854,-0.109925,-0.112478,-0.114484,-0.115916,-0.116754,-0.11698,-0.116582,-0.115552,-0.113891,-0.111602,-0.108698,-0.105196,-0.101121,-0.096506,-0.0913874,-0.0858098,-0.0798233,-0.0734836,-0.0668511,-0.0599908,-0.0529713,-0.0458642,-0.0387435,-0.0316847,-0.0247645,-0.0180598,-0.0116472,-0.00560237,0
0,0.00869312,0.0169284,0.0246953,0.0319885,0.0388073,0.045155,0.051038,0.0564654,0.0614483,0.0659995,0.0701328,0.0738628,0.0772043,0.0801723,0.0827816,0.0850465,0.0869806,0.0885968,0.089907,0.0909221,0.0916521,0.0921057,0.0922906,0.0922135,0.09188,0.0912948,0.0904618,0.0893839,0.0880636,0.0865027,0.0847027,0.0826644,0.0803889,0.077877,0.0751294,0.0721473,0.068932,0.0654853,0.0618093,0.0579071,0.0537822,0.0494393,0.0448838,0.0401222,0.035162,0.0300121,0.0246828,0.0191854,0.0135329,0.00773987,0.00182223,-0.00420235,-0.0103146,-0.0164935,-0.0227164,-0.028959,-0.0351952,-0.0413974,-0.0475364,-0.0535817,-0.0595011,-0.0652616,-0.070829,-0.0761683,-0.0812443,-0.0860212,-0.0904636,-0.0945366,-0.0982061,-0.101439,-0.104206,-0.106477,-0.108226,-0.109432,-0.110076,-0.110143,-0.109624,-0.108515,-0.106816,-0.104533,-0.101681,-0.0982777,-0.0943478,-0.0899227,-0.0850392,-0.0797402,-0.0740736,-0.0680924,-0.061854,-0.05542,-0.0488549,-0.0422263,-0.0356036,-0.029058,-0.0226613,-0.0164856,-0.010603,-0.00508445,0
0,0.0081457,0.0158791,0.0231873,0.0300627,0.0365021,0.0425065,0.0480799,0.0532291,0.0579631,0.0622924,0.066229,0.0697854,0.0729749,0.0758108,0.0783062,0.0804743,0.0823273,0.0838771,0.0851345,0.0861097,0.0868117,0.0872486,0.0874277,0.0873551,0.087036,0.0864749,0.0856753,0.0846401,0.0833715,0.0818715,0.0801412,0.0781818,0.0759942,0.0735794,0.0709383,0.0680722,0.0649824,0.061671,0.0581404,0.0543937,0.0504349,0.0462687,0.0419006,0.0373374,0.0325869,0.027658,0.0225611,0.0173076,0.0119106,0.00638453,0.000745229,-0.00498981,-0.0108016,-0.0166695,-0.0225714,-0.0284836,-0.0343809,-0.0402364,-0.0460222,-0.0517089,-0.0572659,-0.0626618,-0.0678641,-0.07284,-0.0775564,-0.0819799,-0.0860777,-0.0898174,-0.093168,-0.0960995,-0.0985842,-0.100597,-0.102114,-0.103117,-0.103589,-0.103519,-0.1029,-0.101728,-0.100008,-0.0977472,-0.0949588,-0.0916623,-0.0878827,-0.0836504,-0.0790014,-0.0739768,-0.0686224,-0.0629887,-0.0571302,-0.0511049,-0.0449739,-0.0388007,-0.0326506,-0.0265905,-0.0206877,-0.0150102,-0.00962541,-0.00460011,0
0,0.00760899,0.0148502,0.0217084,0.0281737,0.0342406,0.0399078,0.045177,0.0500528,0.0545419,0.058653,0.0623959,0.0657815,0.0688212,0.0715269,0.0739102,0.0759829,0.0777562,0.0792407,0.0804465,0.0813827,0.0820578,0.0824792,0.0826536,0.0825867,0.0822834,0.0817477,0.0809832,0.0799924,0.0787775,0.0773403,0.0756821,0.0738039,0.0717069,0.0693919,0.0668601,0.0641127,0.0611515,0.0579785,0.0545964,0.0510083,0.0472185,0.0432317,0.0390538,0.0346915,0.0301528,0.0254467,0.0205836,0.0155749,0.0104337,0.00517424,-0.000187781,-0.00563516,-0.0111493,-0.0167099,-0.0222957,-0.0278834,-0.0334487,-0.0389659,-0.0444081,-0.0497472,-0.054954,-0.0599988,-0.0648511,-0.0694798,-0.073854,-0.0779428,-0.0817155,-0.0851427,-0.0881956,-0.0908473,-0.0930726,-0.0948489,-0.0961559,-0.0969769,-0.0972986,-0.0971114,-0.0964102,-0.0951944,-0.0934681,-0.0912406,-0.088526,-0.0853438,-0.0817188,-0.0776808,-0.0732644,-0.068509,-0.0634586,-0.0581611,-0.052668,-0.0470342,-0.0413173,-0.0355771,-0.029875,-0.0242738,-0.0188369,-0.0136281,-0.00871062,-0.00414737,0
0,0.00708393,0.0138434,0.020261,0.0263247,0.0320266,0.0373632,0.042334,0.0469414,0.0511901,0.0550867,0.0586392,0.0618567,0.064749,0.0673265,0.0695995,0.0715783,0.0732731,0.0746935,0.0758487,0.0767469,0.0773961,0.0778029,0.0779736,0.0779136,0.0776272,0.0771184,0.0763903,0.0754454,0.0742859,0.0729134,0.0713292,0.0695344,0.0675301,0.0653173,0.0628972,0.0602712,0.0574411,0.054409,0.0511779,0.047751,0.0441325,0.0403274,0.0363416,0.0321821,0.0278567,0.0233745,0.0187458,0.0139821,0.00909618,0.00410219,-0.000984418,-0.00614681,-0.0113668,-0.0166247,-0.0218998,-0.0271696,-0.0324108,-0.0375986,-0.0427073,-0.0477101,-0.0525794,-0.057287,-0.0618042,-0.0661021,-0.0701515,-0.0739238,-0.0773909,-0.0805254,-0.0833013,-0.0856941,-0.0876813,-0.0892424,-0.0903601,-0.0910197,-0.0912101,-0.0909239,-0.0901577,-0.0889123,-0.087193,-0.0850099,-0.0823776,-0.0793157,-0.0758484,-0.0720047,-0.0678181,-0.0633263,-0.0585712,-0.0535982,-0.0484561,-0.0431968,-0.0378745,-0.0325456,-0.0272677,-0.0221001,-0.0171022,-0.012334,-0.007855,-0.00372434,0
0,0.00657144,0.0128605,0.0188477,0.0245187,0.0298637,0.0348768,0.0395553,0.0438997,0.0479126,0.0515987,0.0549642,0.0580166,0.060764,0.0632153,0.0653796,0.067266,0.0688836,0.0702411,0.0713466,0.0722078,0.0728319,0.0732251,0.073393,0.0733407,0.0730723,0.0725914,0.071901,0.0710034,0.0699007,0.0685944,0.0670858,0.0653761,0.0634664,0.0613577,0.0590514,0.0565488,0.0538519,0.0509629,0.0478848,0.0446209,0.0411756,0.0375539,0.0337618,0.029806,0.0256947,0.0214368,0.0170425,0.0125231,0.00789136,0.00316101,-0.00165277,-0.00653356,-0.0114637,-0.0164241,-0.0213946,-0.0263537,-0.031279,-0.0361468,-0.0409326,-0.0456108,-0.0501555,-0.05454,-0.0587373,-0.0627203,-0.0664621,-0.069936,-0.0731161,-0.0759773,-0.078496,-0.0806499,-0.0824188,-0.0837849,-0.0847326,-0.0852496,-0.0853266,-0.0849581,-0.084142,-0.0828805,-0.0811798,-0.0790506,-0.0765077,-0.0735706,-0.070263,-0.066613,-0.0626527,-0.0584181,-0.0539492,-0.0492889,-0.0444836,-0.0395821,-0.0346354,-0.0296967,-0.0248203,-0.0200618,-0.0154773,-0.011123,-0.00705518,-0.0033293,0
0,0.00607243,0.0119032,0.0174708,0.0227588,0.0277554,0.0324524,0.0368453,0.0409323,0.0447143,0.0481941,0.0513762,0.0542663,0.0568714,0.0591986,0.061256,0.0630516,0.0645932,0.0658887,0.0669455,0.0677705,0.0683703,0.0687505,0.0689164,0.0688726,0.068623,0.0681709,0.0675191,0.0666699,0.0656251,0.0643863,0.0629547,0.0613316,0.059518,0.057515,0.0553239,0.0529464,0.0503843,0.0476399,0.0447163,0.0416169,0.0383461,0.0349088,0.031311,0.0275596,0.0236625,0.0196286,0.0154679,0.0111917,0.00681217,0.00234294,-0.00220127,-0.00680449,-0.0114496,-0.0161182,-0.0207909,-0.0254472,-0.0300653,-0.0346229,-0.0390966,-0.0434622,-0.0476952,-0.0517705,-0.0556629,-0.059347,-0.0627979,-0.0659909,-0.068902,-0.0715086,-0.0737889,-0.0757229,-0.0772926,-0.0784822,-0.0792781,-0.0796699,-0.07965,-0.0792143,-0.0783621,-0.0770966,-0.0754247,-0.0733575,-0.0709099,-0.0681011,-0.0649542,-0.0614962,-0.057758,-0.053774,-0.0495819,-0.0452227,-0.0407399,-0.0361797,-0.0315903,-0.0270215,-0.0225247,-0.0181521,-0.0139564,-0.00999077,-0.00630806,-0.00296063,0
0,0.00558773,0.010973,0.0161326,0.0210479,0.025705,0.0300939,0.034208,0.0380437,0.0415999,0.0448777,0.0478801,0.0506111,0.0530763,0.0552817,0.057234,0.05894,0.0604068,0.0616414,0.0626502,0.0634398,0.0640158,0.0643837,0.0645482,0.0645135,0.0642833,0.0638607,0.0632482,0.0624481,0.0614621,0.0602917,0.0589382,0.0574026,0.0556862,0.05379,0.0517155,0.0494641,0.0470379,0.0444393,0.0416712,0.0387371,0.0356413,0.0323889,0.0289857,0.0254386,0.0217552,0.0179444,0.014016,0.00998091,0.00585114,0.00163987,-0.00263861,-0.00696889,-0.0113344,-0.0157176,-0.0200997,-0.0244611,-0.0287812,-0.0330386,-0.0372112,-0.0412763,-0.0452106,-0.0489907,-0.0525929,-0.0559938,-0.0591701,-0.062099,-0.0647587,-0.0671283,-0.0691882,-0.0709204,-0.0723087,-0.0733392,-0.0740002,-0.0742828,-0.074181,-0.0736919,-0.072816,-0.0715572,-0.069923,-0.0679246,-0.0655771,-0.0628991,-0.059913,-0.0566449,-0.0531241,-0.0493835,-0.0454589,-0.0413889,-0.0372148,-0.0329801,-0.02873,-0.0245117,-0.0203734,-0.0163642,-0.0125341,-0.00893298,-0.00561074,-0.00261687,0
0,0.00511817,0.0100717,0.0148352,0.0193886,0.0237158,0.0278049,0.0316474,0.035238,0.0385738,0.0416542,0.0444806,0.0470558,0.0493837,0.0514694,0.0533182,0.0549362,0.0563293,0.0575038,0.0584655,0.0592201,0.059773,0.0601289,0.0602924,0.0602672,0.0600568,0.059664,0.0590914,0.0583409,0.0574143,0.0563129,0.055038,0.0535907,0.0519722,0.0501836,0.0482263,0.0461018,0.0438121,0.0413598,0.0387475,0.035979,0.0330584,0.0299908,0.0267818,0.0234381,0.0199674,0.0163782,0.0126801,0.00888366,0.00500056,0.00104353,-0.00297363,-0.00703609,-0.011128,-0.0152324,-0.0193314,-0.0234065,-0.0274379,-0.0314054,-0.0352882,-0.0390647,-0.0427132,-0.0462118,-0.0495384,-0.0526712,-0.0555887,-0.05827,-0.0606949,-0.0628445,-0.064701,-0.0662482,-0.0674718,-0.0683595,-0.0689011,-0.0690894,-0.0689194,-0.0683895,-0.0675009,-0.0662583,-0.0646695,-0.0627458,-0.0605021,-0.0579566,-0.0551308,-0.0520496,-0.0487413,-0.0452368,-0.0415702,-0.0377778,-0.0338987,-0.0299738,-0.0260459,-0.0221592,-0.0183592,-0.0146923,-0.0112054,-0.00794581,-0.00496063,-0.00229666,0
0,0.00466454,0.00920052,0.0135809,0.0177837,0.0217909,0.0255889,0.0291675,0.0325194,0.0356403,0.038528,0.0411824,0.0436049,0.0457983,0.0477663,0.0495135,0.0510447,0.0523652,0.0534804,0.0543955,0.0551157,0.0556457,0.05599,0.0561526,0.0561372,0.0559467,0.0555841,0.0550515,0.0543508,0.0534838,0.0524517,0.0512557,0.049897,0.0483767,0.0466959,0.0448561,0.0428587,0.0407057,0.0383996,0.0359432,0.03334,0.0305942,0.0277105,0.0246947,0.0215533,0.0182935,0.0149238,0.0114534,0.00789259,0.00425253,0.000545502,-0.00321524,-0.00701548,-0.01084,-0.0146727,-0.0184967,-0.022294,-0.0260463,-0.0297343,-0.0333383,-0.0368383,-0.0402138,-0.0434444,-0.0465095,-0.049389,-0.0520629,-0.0545122,-0.0567183,-0.0586639,-0.0603331,-0.0617113,-0.0627858,-0.0635457,-0.0639825,-0.0640898,-0.0638642,-0.0633048,-0.0624135,-0.0611954,-0.0596586,-0.0578145,-0.0556775,-0.0532653,-0.0505986,-0.0477013,-0.0446,-0.0413242,-0.037906,-0.0343799,-0.0307825,-0.0271524,-0.0235299,-0.0199568,-0.0164757,-0.0131306,-0.00996574,-0.00702575,-0.00435532,-0.00199881,0
0,0.00422759,0.00836105,0.0123717,0.0162356,0.0199333,0.0234494,0.0267718,0.0298918,0.0328035,0.0355033,0.0379897,0.0402629,0.0423244,0.044177,0.0458241,0.0472699,0.0485188,0.0495754,0.0504445,0.0511306,0.0516379,0.0519707,0.0521325,0.0521267,0.0519562,0.0516236,0.0511309,0.05048,0.0496725,0.0487096,0.0475925,0.0463223,0.0449001,0.043327,0.0416044,0.0397338,0.0377172,0.0355569,0.0332557,0.030817,0.0282449,0.025544,0.0227198,0.0197787,0.0167277,0.0135749,0.0103291,0.00700025,0.00359908,0.000137335,-0.00337232,-0.00691632,-0.0104802,-0.0140487,-0.0176056,-0.0211341,-0.0246169,-0.0280357,-0.0313722,-0.0346075,-0.0377225,-0.0406983,-0.0435157,-0.0461561,-0.0486011,-0.0508332,-0.0528356,-0.0545926,-0.0560896,-0.0573137,-0.0582535,-0.0588997,-0.0592448,-0.0592837,-0.0590138,-0.0584349,-0.0575497,-0.0563634,-0.0548844,-0.0531238,-0.0510958,-0.0488172,-0.046308,-0.0435908,-0.0406909,-0.0376363,-0.0344572,-0.031186,-0.0278574,-0.0245076,-0.0211746,-0.0178976,-0.014717,-0.0116741,-0.00881093,-0.00616966,-0.0037927,-0.00172225,0
0,0.00380807,0.00755464,0.0112094,0.0147469,0.0181459,0.0213894,0.0244638,0.0273589,0.0300673,0.0325842,0.0349067,0.0370339,0.0389662,0.0407055,0.0422543,0.0436159,0.0447941,0.0457928,0.0466162,0.0472684,0.0477532,0.0480743,0.0482352,0.0482388,0.048088,0.0477851,0.047332,0.0467306,0.0459821,0.0450881,0.0440494,0.0428672,0.0415426,0.0400766,0.0384706,0.0367261,0.0348449,0.0328294,0.0306823,0.0284068,0.0260068,0.0234868,0.0208523,0.018109,0.015264,0.0123248,0.00930008,0.00619911,0.00303224,-0.000189367,-0.00345367,-0.00674778,-0.010058,-0.0133698,-0.016668,-0.0199368,-0.0231597,-0.0263198,-0.0293997,-0.032382,-0.0352488,-0.0379825,-0.0405655,-0.0429805,-0.0452106,-0.0472399,-0.0490529,-0.0506354,-0.0519745,-0.0530583,-0.0538771,-0.0544224,-0.054688,-0.0546698,-0.0543659,-0.0537767,-0.0529053,-0.0517573,-0.0503409,-0.0486671,-0.0467494,-0.0446041,-0.0422503,-0.0397094,-0.0370053,-0.0341643,-0.031215,-0.0281879,-0.0251155,-0.0220319,-0.0189728,-0.0159753,-0.0130774,-0.0103182,-0.00773722,-0.00537468,-0.00327086,-0.00146601,0
0,0.00340666,0.00678262,0.0100961,0.0133199,0.0164314,0.0194121,0.0222469,0.0249243,0.0274355,0.0297745,0.0319373,0.0339219,0.0357278,0.0373559,0.038808,0.0400867,0.041195,0.0421363,0.0429144,0.0435327,0.0439948,0.0443041,0.0444637,0.0444764,0.0443448,0.044071,0.0436569,0.0431042,0.0424143,0.0415882,0.0406272,0.0395322,0.0383042,0.0369443,0.0354538,0.0338341,0.0320871,0.0302149,0.0282201,0.0261059,0.023876,0.0215347,0.019087,0.0165387,0.0138964,0.0111672,0.00835936,0.00548175,0.00254414,-0.000442886,-0.00346792,-0.0065188,-0.00958258,-0.0126456,-0.0156936,-0.0187117,-0.0216844,-0.024596,-0.0274304,-0.030171,-0.0328016,-0.0353056,-0.037667,-0.0398696,-0.0418983,-0.0437382,-0.0453753,-0.046797,-0.0479912,-0.0489478,-0.0496579,-0.0501143,-0.0503116,-0.0502465,-0.0499178,-0.0493265,-0.0484759,-0.0473716,-0.0460219,-0.0444373,-0.042631,-0.0406184,-0.0384175,-0.0360487,-0.0335345,-0.0308997,-0.0281711,-0.0253774,-0.0225491,-0.0197182,-0.0169183,-0.0141843,-0.0115521,-0.00905857,-0.00674126,-0.00463832,-0.00278817,-0.0012293,0
0,0.00302405,0.00604626,0.00903335,0.0119568,0.0147924,0.0175204,0.0201243,0.0225913,0.0249115,0.0270778,0.0290851,0.0309306,0.0326128,0.0341319,0.0354889,0.0366858,0.037725,0.0386094,0.0393423,0.0399268,0.040366,0.0406631,0.040821,0.0408422,0.040729,0.0404836,0.0401076,0.0396027,0.0389702,0.0382111,0.0373266,0.0363175,0.0351848,0.0339296,0.032553,0.0310565,0.0294418,0.0277109,0.0258664,0.0239111,0.0218486,0.019683,0.0174192,0.0150624,0.0126189,0.0100956,0.00750005,0.0048408,0.00212702,-0.000631325,-0.00342351,-0.00623808,-0.0090629,-0.0118852,-0.0146915,-0.017468,-0.0202003,-0.0228736,-0.0254729,-0.0279832,-0.0303891,-0.0326755,-0.0348274,-0.0368303,-0.0386702,-0.0403334,-0.0418075,-0.0430808,-0.0441428,-0.0449841,-0.045597,-0.0459753,-0.0461145,-0.0460119,-0.0456668,-0.0450805,-0.0442567,-0.043201,-0.0419213,-0.0404279,-0.0387333,-0.0368523,-0.0348017,-0.0326008,-0.0302707,-0.0278347,-0.0253179,-0.0227472,-0.0201512,-0.01756,-0.0150051,-0.0125194,-0.0101366,-0.00789159,-0.00582011,-0.0039584,-0.00234318,-0.00101141,0
0,0.00266089,0.0053468,0.00802306,0.0106598,0.0132315,0.015717,0.0180989,0.0203631,0.0224987,0.0244975,0.0263537,0.0280635,0.0296248,0.031037,0.0323005,0.0334167,0.0343876,0.0352155,0.0359033,0.0364538,0.0368699,0.0371543,0.0373098,0.0373386,0.037243,0.0370249,0.036686,0.0362278,0.0356513,0.0349578,0.0341482,0.0332234,0.0321843,0.0310319,0.0297674,0.0283919,0.0269072,0.0253152,0.0236181,0.0218189,0.0199208,0.0179276,0.0158438,0.0136746,0.0114257,0.00910357,0.00671542,0.00426914,0.00177337,-0.000762555,-0.00332859,-0.00591404,-0.00850756,-0.0110972,-0.0136705,-0.0162145,-0.0187159,-0.021161,-0.0235359,-0.0258266,-0.028019,-0.0300993,-0.0320537,-0.0338688,-0.0355318,-0.0370306,-0.0383536,-0.0394903,-0.0404314,-0.0411686,-0.041695,-0.0420052,-0.0420955,-0.0419637,-0.0416097,-0.041035,-0.0402432,-0.0392401,-0.0380332,-0.0366324,-0.0350496,-0.0332986,-0.0313954,-0.0293579,-0.0272061,-0.0249617,-0.0226481,-0.0202904,-0.0179155,-0.0155515,-0.013228,-0.0109757,-0.00882672,-0.00681392,-0.00497116,-0.00333303,-0.00193471,-0.000811782,0
0,0.00231782,0.00468543,0.00706684,0.00943089,0.011751,0.0140047,0.0161736,0.0182426,0.0202,0.0220368,0.0237462,0.0253239,0.0267671,0.0280745,0.0292461,0.0302827,0.0311859,0.0319577,0.0326005,0.0331169,0.0335093,0.0337805,0.0339327,0.0339683,0.0338892,0.0336973,0.0333941,0.0329809,0.0324591,0.0318294,0.0310929,0.0302505,0.0293029,0.028251,0.027096,0.025839,0.0244815,0.0230254,0.0214728,0.0198262,0.0180888,0.0162641,0.0143564,0.0123702,0.0103112,0.00818517,0.00599894,0.00375984,0.00147591,-0.000844165,-0.00319105,-0.00555478,-0.00792483,-0.0102901,-0.0126391,-0.0149598,-0.0172398,-0.0194665,-0.0216272,-0.0237089,-0.0256988,-0.027584,-0.0293521,-0.0309908,-0.0324884,-0.033834,-0.0350171,-0.0360283,-0.0368592,-0.0375025,-0.0379521,-0.0382034,-0.0382531,-0.0380998,-0.0377434,-0.0371859,-0.0364308,-0.0354836,-0.0343518,-0.0330445,-0.031573,-0.0299503,-0.0281915,-0.0263131,-0.0243338,-0.0222737,-0.0201549,-0.0180006,-0.0158359,-0.0136871,-0.0115819,-0.00954914,-0.00761902,-0.00582266,-0.00419219,-0.00276064,-0.00156177,-0.000629963,0
0,0.00199547,0.0040633,0.0061663,0.00827213,0.0103531,0.0123859,0.0143511,0.0162328,0.0180186,0.0196986,0.0212657,0.0227148,0.0240426,0.0252474,0.0263287,0.0272868,0.0281231,0.028839,0.0294369,0.0299188,0.0302872,0.0305443,0.0306925,0.0307337,0.0306699,0.0305027,0.0302337,0.029864,0.0293948,0.028827,0.0281615,0.027399,0.0265404,0.0255865,0.0245382,0.0233967,0.0221633,0.0208396,0.0194277,0.01793,0.0163492,0.0146887,0.0129523,0.0111444,0.00926993,0.00733455,0.00534441,0.00330631,0.00122769,-0.00088342,-0.00301839,-0.00516803,-0.00732261,-0.00947191,-0.0116053,-0.0137117,-0.0157798,-0.017798,-0.0197545,-0.0216375,-0.0234353,-0.0251361,-0.0267286,-0.0282016,-0.0295447,-0.0307477,-0.0318015,-0.0326974,-0.033428,-0.0339868,-0.0343685,-0.0345691,-0.034586,-0.0344178,-0.0340651,-0.0335296,-0.0328151,-0.0319267,-0.0308715,-0.0296583,-0.0282974,-0.0268011,-0.0251833,-0.0234595,-0.0216469,-0.0197644,-0.0178321,-0.0158719,-0.013907,-0.0119619,-0.0100625,-0.00823585,-0.00651029,-0.00491527,-0.00348129,-0.0022399,-0.00122357,-0.00046561,0
0,0.00169443,0.00348154,0.00532295,0.00718533,0.00904004,0.0108629,0.0126337,0.0143361,0.0159568,0.0174857,0.0189149,0.020239,0.0214543,0.0225587,0.0235512,0.024432,0.0252019,0.0258624,0.0264153,0.0268625,0.0272062,0.0274486,0.0275917,0.0276374,0.0275875,0.0274435,0.0272069,0.0268787,0.0264601,0.0259519,0.0253549,0.0246699,0.0238974,0.0230383,0.0220936,0.021064,0.019951,0.018756,0.0174808,0.0161275,0.0146987,0.0131976,0.0116274,0.00999236,0.00829692,0.00654622,0.00474592,0.00290228,0.00102211,-0.000887223,-0.00281779,-0.00476117,-0.00670844,-0.00865023,-0.0105768,-0.012478,-0.0143435,-0.0161627,-0.0179248,-0.0196192,-0.021235,-0.0227617,-0.0241889,-0.0255066,-0.0267052,-0.0277758,-0.0287099,-0.0295001,-0.0301395,-0.0306225,-0.0309445,-0.0311019,-0.0310927,-0.0309158,-0.0305718,-0.0300627,-0.029392,-0.0285647,-0.0275874,-0.0264682,-0.0252169,-0.0238448,-0.0223647,-0.0207909,-0.0191395,-0.0174276,-0.015674,-0.0138989,-0.0121238,-0.0103714,-0.00866581,-0.0070324,-0.00549772,-0.00408954,-0.00283683,-0.00176973,-0.000919501,-0.000318483,0
0,0.0014153,0.0029412,0.00453827,0.00617224,0.00781371,0.00943782,0.0110239,0.0125549,0.0140173,0.0154005,0.0166964,0.0178991,0.0190047,0.0200109,0.0209163,0.0217209,0.0224253,0.0230306,0.0235385,0.0239507,0.0242693,0.0244961,0.024633,0.024682,0.0246445,0.024522,0.0243159,0.0240272,0.0236568,0.0232057,0.0226745,0.0220638,0.0213744,0.0206068,0.0197619,0.0188405,0.0178438,0.0167731,0.01563,0.0144164,0.0131347,0.0117875,0.0103781,0.00891003,0.0073875,0.0058151,0.00419801,0.00254189,0.000852956,-0.000862088,-0.00259603,-0.00434121,-0.00608948,-0.00783235,-0.00956091,-0.011266,-0.0129382,-0.0145678,-0.0161452,-0.0176606,-0.0191043,-0.0204666,-0.0217384,-0.0229105,-0.0239743,-0.0249218,-0.0257455,-0.0264387,-0.0269954,-0.0274106,-0.0276802,-0.0278013,-0.027772,-0.0275917,-0.027261,-0.0267819,-0.0261578,-0.0253933,-0.0244946,-0.0234692,-0.0223262,-0.0210758,-0.0197299,-0.0183017,-0.0168057,-0.0152578,-0.0136753,-0.0120766,-0.0104816,-0.00891139,-0.00738822,-0.00593573,-0.00457879,-0.00334354,-0.00225744,-0.00134925,-0.000649101,-0.00018843,0
0,0.00115866,0.00244333,0.00381362,0.00523448,0.00667592,0.00811261,0.00952345,0.0108912,0.0122021,0.0134452,0.0146122,0.0156973,0.0166963,0.0176064,0.0184265,0.0191561,0.0197957,0.0203463,0.0208093,0.0211863,0.0214792,0.0216896,0.0218194,0.0218702,0.0218435,0.0217408,0.0215631,0.0213116,0.020987,0.0205902,0.0201217,0.0195822,0.0189723,0.0182925,0.0175435,0.016726,0.0158412,0.01489,0.013874,0.0127948,0.0116546,0.0104557,0.00920093,0.00789362,0.00653744,0.00513656,0.00369561,0.00221971,0.000714455,-0.00081411,-0.00235948,-0.00391472,-0.00547251,-0.00702516,-0.00856464,-0.0100827,-0.0115708,-0.0130202,-0.0144223,-0.0157682,-0.0170492,-0.0182568,-0.0193825,-0.0204182,-0.0213564,-0.0221897,-0.0229116,-0.023516,-0.0239977,-0.0243523,-0.0245763,-0.0246671,-0.0246231,-0.0244441,-0.0241306,-0.0236846,-0.0231092,-0.0224088,-0.021589,-0.0206568,-0.0196203,-0.018489,-0.0172737,-0.0159864,-0.0146403,-0.01325,-0.011831,-0.0104004,-0.0089763,-0.00757808,-0.00622635,-0.00494301,-0.00375122,-0.00267554,-0.00174191,-0.00097775,-0.000412039,-7.53698e-05,0
0,0.000925073,0.00198891,0.00315027,0.00437353,0.00562828,0.00688893,0.00813423,0.00934685,0.0105129,0.0116216,0.0126645,0.0136357,0.014531,0.0153476,0.0160841,0.0167401,0.0173158,0.0178122,0.0182305,0.0185721,0.0188387,0.019032,0.0191536,0.019205,0.0191876,0.0191027,0.0189514,0.0187345,0.018453,0.0181075,0.0176986,0.0172268,0.0166925,0.0160964,0.0154389,0.0147208,0.0139429,0.0131061,0.0122118,0.0112613,0.0102566,0.00919972,0.00809318,0.00693986,0.00574305,0.00450644,0.00323417,0.00193079,0.00060128,-0.000748944,-0.00211408,-0.00348793,-0.00486394,-0.00623523,-0.00759463,-0.00893474,-0.0102479,-0.0115265,-0.0127626,-0.0139483,-0.015076,-0.0161379,-0.0171266,-0.0180348,-0.0188559,-0.0195834,-0.0202114,-0.0207346,-0.0211485,-0.0214492,-0.0216336,-0.0216995,-0.0216457,-0.021472,-0.0211789,-0.0207684,-0.0202434,-0.0196078,-0.0188669,-0.0180267,-0.0170949,-0.0160799,-0.0149915,-0.0138404,-0.0126386,-0.0113993,-0.0101366,-0.00886597,-0.00760382,-0.00636789,-0.00517709,-0.00405159,-0.00301291,-0.00208396,-0.00128917,-0.000654599,-0.000208061,2.07254e-05,0
0,0.000715073,0.00157884,0.00254938,0.00359067,0.00467214,0.00576817,0.0068576,0.00792325,0.00895138,0.00993129,0.0108548,0.011716,0.0125107,0.0132363,0.0138913,0.0144751,0.0149881,0.015431,0.0158048,0.016111,0.0163511,0.0165266,0.0166389,0.0166896,0.0166798,0.0166109,0.0164836,0.016299,0.0160577,0.0157604,0.0154076,0.0149996,0.014537,0.0140201,0.0134495,0.0128257,0.0121494,0.0114215,0.0106429,0.00981507,0.00893943,0.00801788,0.00705258,0.00604605,0.00500116,0.00392114,0.00280964,0.00167066,0.000508596,-0.000671783,-0.00186535,-0.00306661,-0.00426979,-0.00546879,-0.00665726,-0.00782865,-0.00897622,-0.0100931,-0.0111724,-0.0122072,-0.0131905,-0.0141156,-0.014976,-0.0157653,-0.0164775,-0.017107,-0.0176486,-0.0180978,-0.0184504,-0.0187032,-0.0188535,-0.0188994,-0.0188399,-0.0186749,-0.018405,-0.018032,-0.0175584,-0.016988,-0.0163252,-0.0155758,-0.0147463,-0.0138445,-0.0128789,-0.0118593,-0.0107963,-0.00970159,-0.00858801,-0.00746933,-0.00636046,-0.00527741,-0.00423741,-0.00325892,-0.00236177,-0.00156723,-0.000898164,-0.000379207,-3.69421e-05,9.98598e-05,0
0,0.000529168,0.00121393,0.00201191,0.00288693,0.00380853,0.00475135,0.00569459,0.00662143,0.00751851,0.00837546,0.00918442,0.00993965,0.0106372,0.0112745,0.0118501,0.0123636,0.0128151,0.0132053,0.0135352,0.0138062,0.0140195,0.0141766,0.0142788,0.0143275,0.0143238,0.0142688,0.0141634,0.0140084,0.0138044,0.013552,0.0132515,0.0129034,0.0125081,0.0120659,0.0115771,0.0110423,0.0104619,0.0098368,0.00916774,0.00845585,0.00770242,0.00690903,0.00607755,0.00521012,0.00430922,0.00337765,0.00241856,0.00143543,0.000432076,-0.000587343,-0.00161835,-0.00265618,-0.00369575,-0.00473175,-0.00575863,-0.00677065,-0.00776192,-0.00872644,-0.00965814,-0.010551,-0.0113989,-0.012196,-0.0129366,-0.0136151,-0.0142263,-0.0147653,-0.0152276,-0.0156092,-0.0159066,-0.016117,-0.0162381,-0.0162683,-0.0162067,-0.0160532,-0.0158086,-0.0154744,-0.0150529,-0.0145473,-0.0139617,-0.0133012,-0.0125715,-0.0117793,-0.0109324,-0.0100392,-0.00910924,-0.00815278,-0.00718117,-0.00620667,-0.0052426,-0.00430331,-0.00340433,-0.00256242,-0.00179569,-0.00112372,-0.000567757,-0.000150912,0.000101582,0.000162049,0
0,0.000367812,0.000894876,0.00153861,0.00226303,0.00303812,0.00383909,0.00464577,0.00544198,0.00621495,0.00695484,0.00765424,0.00830777,0.00891171,0.00946372,0.00996249,0.0104076,0.0107992,0.0111379,0.0114247,0.0116608,0.0118474,0.0119857,0.0120771,0.0121227,0.0121236,0.0120807,0.0119948,0.0118667,0.0116969,0.0114859,0.011234,0.0109416,0.010609,0.0102364,0.00982411,0.00937255,0.00888213,0.00835343,0.00778715,0.00718418,0.00654561,0.00587275,0.00516716,0.00443065,0.00366533,0.00287357,0.00205805,0.00122175,0.000367928,-0.000499845,-0.00137773,-0.00226162,-0.00314715,-0.00402975,-0.00490463,-0.00576684,-0.0066113,-0.00743282,-0.00822619,-0.00898617,-0.00970756,-0.0103853,-0.0110143,-0.01159,-0.0121077,-0.0125633,-0.0129529,-0.0132732,-0.013521,-0.013694,-0.0137903,-0.0138084,-0.0137477,-0.0136081,-0.0133903,-0.0130957,-0.0127262,-0.0122848,-0.0117749,-0.0112009,-0.0105678,-0.00988161,-0.00914882,-0.00837689,-0.00757401,-0.00674922,-0.0059124,-0.00507431,-0.00424668,-0.00344222,-0.00267477,-0.00195935,-0.00131234,-0.00075158,-0.000296605,3.11241e-05,0.000207901,0.000207368,0
0,0.000231371,0.000622136,0.00112989,0.00171927,0.00236106,0.00303143,0.00371115,0.00438494,0.00504086,0.00566978,0.00626486,0.00682121,0.00733549,0.00780558,0.00823037,0.00860948,0.00894312,0.00923189,0.00947668,0.00967854,0.00983862,0.00995807,0.010038,0.0100795,0.0100836,0.0100509,0.00998236,0.00987847,0.00973976,0.00956661,0.00935934,0.00911821,0.00884344,0.00853524,0.00819384,0.00781951,0.0074126,0.00697353,0.00650288,0.00600135,0.00546982,0.00490936,0.00432124,0.00370698,0.0030683,0.00240719,0.00172589,0.00102688,0.000312922,-0.000412999,-0.00114764,-0.00188754,-0.002629,-0.00336815,-0.00410094,-0.00482318,-0.00553055,-0.00621865,-0.00688306,-0.00751932,-0.00812303,-0.00868985,-0.00921558,-0.00969618,-0.0101278,-0.0105069,-0.0108303,-0.0110949,-0.0112984,-0.0114385,-0.0115138,-0.011523,-0.0114657,-0.0113418,-0.0111518,-0.0108969,-0.010579,-0.0102003,-0.00976399,-0.00927371,-0.00873379,-0.00814921,-0.00752562,-0.00686935,-0.00618739,-0.0054875,-0.00477814,-0.00406862,-0.00336908,-0.00269063,-0.00204539,-0.00144667,-0.000909047,-0.000448581,-8.29916e-05,0.000168066,0.000282644,0.000236012,0
0,0.000120082,0.000395891,0.000785737,0.00125536,0.00177687,0.00232776,0.00289008,0.00344975,0.00399584,0.0045201,0.00501645,0.00548056,0.00590951,0.0063015,0.00665562,0.0069716,0.00724967,0.00749042,0.00769467,0.00786337,0.00799755,0.00809824,0.00816643,0.00820305,0.00820894,0.00818483,0.00813134,0.00804899,0.00793819,0.00779927,0.0076325,0.00743806,0.00721613,0.00696685,0.00669039,0.00638693,0.00605674,0.00570013,0.00531753,0.00490949,0.0044767,0.00402002,0.00354045,0.0030392,0.00251769,0.00197752,0.00142052,0.000848733,0.000264405,-0.000329995,-0.000931797,-0.00153814,-0.00214597,-0.00275208,-0.00335311,-0.00394558,-0.0045259,-0.00509043,-0.00563547,-0.00615734,-0.00665235,-0.0071169,-0.00754749,-0.00794077,-0.00829354,-0.00860285,-0.00886598,-0.00908053,-0.0092444,-0.00935587,-0.0094136,-0.00941669,-0.00936465,-0.0092575,-0.0090957,-0.00888024,-0.00861261,-0.00829481,-0.00792939,-0.0075194,-0.00706845,-0.00658071,-0.00606086,-0.00551418,-0.00494654,-0.00436441,-0.00377492,-0.00318592,-0.00260603,-0.00204473,-0.00151249,-0.00102085,-0.0005826,-0.000211929,7.53569e-05,0.000261578,0.000326818,0.000248383,0
0,3.3967e-05,0.000215875,0.000505479,0.000870294,0.00128426,0.00172666,0.00218116,0.00263512,0.00307887,0.00350519,0.00390883,0.00428612,0.00463463,0.00495291,0.00524024,0.0054965,0.00572193,0.00591711,0.00608277,0.00621977,0.00632901,0.00641138,0.00646775,0.00649891,0.00650558,0.00648837,0.0064478,0.00638432,0.00629825,0.00618986,0.00605936,0.00590689,0.00573256,0.00553647,0.00531874,0.00507949,0.00481888,0.00453715,0.00423461,0.00391166,0.00356884,0.00320678,0.00282628,0.00242827,0.00201387,0.00158434,0.00114113,0.000685863,0.000220335,-0.00025348,-0.000733442,-0.00121725,-0.00170245,-0.00218645,-0.00266655,-0.00313992,-0.00360367,-0.00405485,-0.00449047,-0.00490752,-0.00530304,-0.00567409,-0.00601784,-0.00633156,-0.00661267,-0.00685875,-0.00706762,-0.00723732,-0.00736615,-0.00745272,-0.00749595,-0.0074951,-0.0074498,-0.00736004,-0.00722622,-0.00704913,-0.00682999,-0.00657042,-0.00627247,-0.00593864,-0.00557183,-0.00517541,-0.00475319,-0.00430944,-0.00384893,-0.00337692,-0.00289926,-0.00242239,-0.00195344,-0.00150032,-0.00107182,-0.000677743,-0.000329055,-3.80433e-05,0.000181499,0.000314041,0.000341998,0.000245198,0
0,-2.72851e-05,8.11748e-05,0.000287584,0.000562031,0.000880902,0.00122569,0.00158203,0.00193898,0.00228827,0.00262387,0.00294144,0.00323801,0.00351167,0.00376131,0.00398645,0.00418705,0.0043634,0.00451603,0.00464559,0.00475283,0.00483851,0.00490339,0.00494819,0.00497358,0.00498012,0.00496834,0.00493866,0.00489142,0.0048269,0.00474529,0.00464674,0.00453136,0.00439922,0.00425038,0.00408491,0.00390286,0.00370435,0.00348954,0.00325863,0.00301191,0.00274976,0.00247265,0.00218118,0.00187604,0.00155807,0.00122824,0.000887643,0.000537536,0.000179298,-0.000185549,-0.000555348,-0.000928313,-0.00130254,-0.00167601,-0.00204661,-0.00241214,-0.00277034,-0.0031189,-0.00345547,-0.00377771,-0.00408328,-0.00436988,-0.00463529,-0.00487736,-0.00509407,-0.00528352,-0.00544399,-0.00557395,-0.00567206,-0.00573722,-0.00576859,-0.0057656,-0.00572793,-0.0056556,-0.00554891,-0.00540849,-0.00523527,-0.00503053,-0.00479588,-0.00453324,-0.00424491,-0.00393349,-0.00360197,-0.00325368,-0.00289237,-0.00252216,-0.00214766,-0.00177399,-0.00140684,-0.00105259,-0.000718384,-0.000412311,-0.000143505,7.7682e-05,0.000239535,0.000328814,0.000330549,0.000227639,0
0,-6.45123e-05,-1.00764e-05,0.000129311,0.00032724,0.00056316,0.00082121,0.0010893,0.00135836,0.00162171,0.00187453,0.00211347,0.00233626,0.00254151,0.00272845,0.00289679,0.00304658,0.00317813,0.0032919,0.00338846,0.00346841,0.00353239,0.003581,0.00361483,0.0036344,0.00364016,0.00363251,0.00361179,0.00357824,0.00353209,0.00347347,0.00340249,0.00331921,0.00322367,0.00311591,0.00299595,0.00286382,0.00271958,0.00256332,0.00239518,0.00221534,0.00202406,0.00182167,0.00160859,0.00138531,0.00115243,0.000910663,0.0006608,0.000403753,0.000140539,-0.000127723,-0.000399809,-0.000674397,-0.000950072,-0.00122534,-0.00149862,-0.00176827,-0.00203262,-0.00228992,-0.00253842,-0.00277637,-0.00300201,-0.00321362,-0.00340954,-0.00358814,-0.0037479,-0.00388742,-0.00400537,-0.00410062,-0.00417216,-0.00421917,-0.004241,-0.00423722,-0.00420761,-0.00415216,-0.0040711,-0.00396488,-0.00383423,-0.00368007,-0.0035036,-0.00330626,-0.00308975,-0.00285601,-0.00260726,-0.00234599,-0.00207497,-0.00179731,-0.00151647,-0.00123631,-0.000961173,-0.000695962,-0.000446256,-0.000218435,-1.98272e-05,0.000141155,0.000254899,0.000310537,0.000295925,0.000197555,0
0,-7.93783e-05,-6.11267e-05,2.62736e-05,0.000160886,0.000325797,0.000508148,0.000698345,0.000889355,0.00107613,0.00125512,0.00142391,0.00158095,0.00172529,0.00185648,0.00197438,0.00207911,0.00217095,0.00225028,0.00231757,0.00237329,0.00241793,0.00245194,0.00247576,0.00248977,0.00249432,0.00248969,0.00247612,0.00245381,0.00242288,0.00238344,0.00233556,0.00227927,0.00221459,0.00214153,0.0020601,0.00197029,0.00187213,0.00176568,0.00165099,0.0015282,0.00139745,0.00125897,0.00111301,0.000959917,0.000800088,0.000633997,0.00046219,0.000285289,0.00010399,-8.09327e-05,-0.000268633,-0.000458195,-0.000648634,-0.000838907,-0.00102791,-0.00121451,-0.00139751,-0.0015757,-0.00174786,-0.00191273,-0.0020691,-0.00221575,-0.00235149,-0.0024752,-0.0025858,-0.00268229,-0.00276374,-0.00282934,-0.00287839,-0.0029103,-0.00292462,-0.00292103,-0.00289937,-0.00285965,-0.002802,-0.00272676,-0.0026344,-0.0025256,-0.00240117,-0.00226213,-0.00210964,-0.00194506,-0.00176994,-0.001586,-0.00139518,-0.00119966,-0.00100185,-0.000804489,-0.000610668,-0.000423921,-0.000248326,-8.8632e-05,4.9606e-05,0.000159886,0.000234679,0.000265469,0.000243002,0.000157722,0
0,-7.48352e-05,-7.71991e-05,-2.81162e-05,5.5779e-05,0.000161609,0.00027975,0.000403222,0.000527078,0.000647879,0.000763293,0.000871784,0.000972401,0.00106461,0.00114819,0.00122311,0.00128951,0.00134763,0.00139776,0.00144024,0.00147539,0.00150357,0.00152508,0.00154022,0.00154926,0.00155241,0.00154988,0.00154181,0.00152832,0.00150951,0.00148544,0.00145614,0.00142163,0.00138191,0.00133698,0.00128683,0.00123145,0.00117085,0.00110505,0.00103407,0.000957981,0.000876869,0.000790855,0.000700099,0.0006048,0.000505201,0.000401591,0.000294306,0.000183733,7.03049e-05,-4.54941e-05,-0.000163133,-0.000282034,-0.000401576,-0.000521099,-0.000639904,-0.000757265,-0.000872426,-0.000984615,-0.00109304,-0.00119692,-0.00129547,-0.00138789,-0.00147345,-0.0015514,-0.00162107,-0.0016818,-0.001733,-0.00177415,-0.00180479,-0.00182454,-0.00183312,-0.00183031,-0.00181602,-0.00179023,-0.00175305,-0.00170466,-0.00164538,-0.00157562,-0.0014959,-0.00140686,-0.00130924,-0.0012039,-0.00109179,-0.00097402,-0.000851804,-0.000726514,-0.000599687,-0.000473067,-0.000348645,-0.000228724,-0.000116011,-1.37217e-05,7.42793e-05,0.000143344,0.000187959,0.000201842,0.000178454,0.000112167,0
0,-5.58099e-05,-6.62665e-05,-4.3326e-05,2.01762e-06,6.10204e-05,0.000127327,0.000196539,0.00026569,0.000332815,0.000396638,0.000456359,0.000511511,0.000561859,0.00060733,0.000647965,0.000683877,0.000715233,0.000742223,0.000765054,0.000783933,0.000799061,0.000810626,0.000818799,0.00082373,0.000825549,0.000824364,0.000820261,0.000813305,0.000803545,0.00079101,0.000775717,0.000757672,0.00073687,0.000713304,0.000686962,0.000657834,0.000625915,0.000591206,0.000553718,0.000513477,0.000470522,0.000424912,0.000376725,0.000326063,0.00027305,0.000217836,0.000160598,0.000101539,4.08917e-05,-2.10874e-05,-8.41128e-05,-0.000147874,-0.000212036,-0.00027624,-0.000340109,-0.000403246,-0.00046524,-0.000525671,-0.000584106,-0.000640115,-0.000693264,-0.000743128,-0.00078929,-0.00083135,-0.000868926,-0.000901665,-0.00092924,-0.00095136,-0.000967774,-0.000978272,-0.000982692,-0.00098092,-0.000972895,-0.000958611,-0.000938117,-0.000911519,-0.000878983,-0.000840731,-0.000797045,-0.000748264,-0.000694787,-0.000637073,-0.000575641,-0.000511076,-0.000444033,-0.000375248,-0.000305548,-0.000235874,-0.000167314,-0.000101142,-3.88805e-05,1.76078e-05,6.60085e-05,0.000103416,0.000126225,0.000130197,0.000111083,6.65146e-05,0
0,-3.01319e-05,-3.99986e-05,-3.25605e-05,-1.37285e-05,1.15689e-05,3.99872e-05,6.94139e-05,9.85429e-05,0.000126572,0.000153014,0.000177585,0.000200139,0.000220616,0.000239019,0.000255393,0.000269808,0.00028235,0.000293115,0.000302198,0.000309696,0.000315699,0.000320289,0.000323541,0.000325521,0.000326283,0.000325873,0.000324326,0.000321668,0.000317919,0.000313088,0.000307181,0.000300198,0.000292134,0.000282982,0.000272736,0.000261386,0.000248929,0.000235359,0.000220678,0.000204893,0.000188014,0.000170063,0.000151067,0.000131063,0.000110099,8.82319e-05,6.55302e-05,4.20736e-05,1.7953e-05,-6.72898e-06,-3.18589e-05,-5.73123e-05,-8.29545e-05,-0.000108641,-0.000134219,-0.000159528,-0.0001844,-0.000208664,-0.000232145,-0.000254664,-0.000276045,-0.000296113,-0.000314697,-0.000331632,-0.000346761,-0.000359937,-0.000371027,-0.000379909,-0.000386479,-0.00039065,-0.000392355,-0.000391545,-0.000388194,-0.000382298,-0.000373876,-0.000362969,-0.000349644,-0.000333989,-0.000316117,-0.000296163,-0.000274286,-0.000250669,-0.000225518,-0.000199064,-0.000171568,-0.000143318,-0.000114643,-8.59153e-05,-5.75697e-05,-3.01213e-05,-4.19968e-06,1.94004e-05,3.96414e-05,5.51293e-05,6.39787e-05,6.37664e-05,5.19852e-05,2.81485e-05,0
0,-9.48732e-06,-1.49432e-05,-1.40728e-05,-9.33946e-06,-2.81067e-06,4.34689e-06,1.15434e-05,1.84853e-05,2.50239e-05,3.10844e-05,3.66334e-05,4.1662e-05,4.61766e-05,5.01939e-05,5.37363e-05,5.683e-05,5.95025e-05,6.17815e-05,6.36942e-05,6.52658e-05,6.65199e-05,6.74773e-05,6.81565e-05,6.85732e-05,6.87405e-05,6.86688e-05,6.83659e-05,6.78376e-05,6.70874e-05,6.61169e-05,6.49263e-05,6.35144e-05,6.18791e-05,6.00177e-05,5.79271e-05,5.56041e-05,5.30458e-05,5.025e-05,4.72152e-05,4.39412e-05,4.04291e-05,3.66817e-05,3.27036e-05,2.85015e-05,2.40843e-05,1.94634e-05,1.46526e-05,9.66828e-06,4.52944e-06,-7.42264e-07,-6.12255e-06,-1.15846e-05,-1.70992e-05,-2.26349e-05,-2.81579e-05,-3.36328e-05,-3.90226e-05,-4.4289e-05,-4.93927e-05,-5.4294e-05,-5.89531e-05,-6.33305e-05,-6.73875e-05,-7.10866e-05,-7.43923e-05,-7.7271e-05,-7.96921e-05,-8.1628e-05,-8.30545e-05,-8.39516e-05,-8.43035e-05,-8.40988e-05,-8.33311e-05,-8.19988e-05,-8.01055e-05,-7.76599e-05,-7.46759e-05,-7.11726e-05,-6.71738e-05,-6.27086e-05,-5.78109e-05,-5.25192e-05,-4.68769e-05,-4.09324e-05,-3.47393e-05,-2.83575e-05,-2.18539e-05,-1.53046e-05,-8.79829e-06,-2.44163e-06,3.63172e-06,9.24402e-06,1.41409e-05,1.7929e-05,1.99668e-05,1.92377e-05,1.44677e-05,5.60254e-06,0
0,0,0,0,0,0,0,0,0,0,0,0,0,0,0,0,0,0,0,0,0,0,0,0,0,0,0,0,0,0,0,0,0,0,0,0,0,0,0,0,0,0,0,0,0,0,0,0,0,0,0,0,0,0,0,0,0,0,0,0,0,0,0,0,0,0,0,0,0,0,0,0,0,0,0,0,0,0,0,0,0,0,0,0,0,0,0,0,0,0,0,0,0,0,0,0,0,0,0,0
